text,topic,topic_score,categories
"HAISTA VITTU! 

SENKIN AIVOKUOLLUT KUSIPÄÄ, ET VOI ESTÄÄ MINUA. PROXY-PALVELIMIEN JA ANON-SELAILUN ANSIOSTA VOIN TULLA WIKIIN ZILJOONA KERTAA, JOTEN JOS KALTAISESI ROSKAVÄKI LUULEE VOIVANSA ESTÄÄ MINUT, NIIN SINUA ODOTTAA SUURI YLLÄTYS, SENKIN HINTTI. ANNAN SINULLE VIIMEISEN MAHDOLLISUUDEN SIVISTYNEELLÄ TAVALLA LOPETTAA KASH JAFFREYN VANDALISOINTI. ÄLÄ VITTUILE KANADALAISEEN SISÄLTÖÖN, SE ON LIIAN EDISTYNYTTÄ TYHJILLE AIVOILLESI. JA VIIMEISEKSI JOS HALUAT JÄTTÄÄ VIESTIN NIIN KIRJOITA (ÄLÄ KÄYTÄ ENNALTA MÄÄRÄTTYJÄ ONE-LINEREITA.) NÄHDÄÄN KUSIPÄÄ.

JOEY",parse_error,,
"Vieläkö poltat ruohoa joka päivä, professori?",parse_error,,
"""

 Laitan tämän vain tänne. 

En aio jatkaa kiistelyä kanssasi.Olet kohtuuton, herkkä ja ahdasmielinen, kuten Wikipedian keskivertokäyttäjä. Vahinko on jo tapahtunut, senkin kusipää. Yhtä hyvin voisimme myös sanoa, että jokaisella elokuvalla on """"sekalaiset"""" arvostelut, koska kaikilla elokuvilla on positiivisia ja negatiivisia arvosteluja. Et ymmärrä, että mikään ei ole tasa-arvoista. Kaikessa on vinouma, olipa se kuinka pieni tahansa, ja pelkästään tämä vinouma on vaikuttanut artikkeliin keskustelusivun kautta. Kerro minulle, kun näet, mikä on todella tärkeää. Et ole nyt aikani arvoinen.

Ja jos poistat tämän, se vain todistaa pointtini. Tätä viestiä ei kuitenkaan kannata poistaa, se on toisella verkkosivustolla, jossa koko maailma näkee sen, ja rehellisesti sanottuna muutama ihminen on ollut kanssani samaa mieltä kyseisellä sivustolla. Tee vain nopea Google-haku käyttäjätunnuksellasi, niin löydät sen. Välitän tämän viestin sinulle vain kertoakseni sen olemassaolosta. Hyvää päivänjatkoa, senkin paskiainen.67.171.66.108 """,parse_error,,
"Jep. Liebherr, Lorenz, G&E, Barber-Colman, Fellows, Michigan, Schiess, Maag ja Newark. Ja luultavasti muutama kymmenen muuta ) 210.22.142.82",parse_error,,
"DELITOS CONTRA LA INTEGRIDAD SEXUAL tarkoittaa rikoksia seksuaalista koskemattomuutta / itsemääräämisoikeutta vastaan.
trece=13
Kysy espanjaa puhuvalta henkilöltä, jos haluat. 
Epäiletkö kaikkia muita wikipedia-artikkeleita ja muita lähteitä? Ei se mitään.",parse_error,,
"Hei Direktor! Onko tämä se foorumi, jossa keskustellaan Editorsin poliittisista mielipiteistä? En pidä kommunistisista tai fasistisista/natsiliikkeistä. Entä sinä? On totta, että aiemmin Titoa pidettiin sankarina, mutta Berliinin muurin murtumisen jälkeen länsimaiden näkökulmasta kuva on muuttumassa. Wikipedian pitäisi heijastaa tätä, ja se voi olla vertailukohtana Encyclopaedia Britannican ja BBC-Historian kanssa. En kannata artikkelin dramaattista muuttamista, toistaiseksi. Toisen maailmansodan jälkimainingeista Jugoslaviassa tehdään vielä lisää tutkimusta, eikä se näytä hyvältä.",parse_error,,
"Vau. Xeworlebi vastaa epäkohteliaasti ja töykeästi. Siinäpä vasta järkytys. Selvästikin merkitsit disambiguointisivun väärin, mutta olet liian ylimielinen kuunnellaksesi.",parse_error,,
"Koraani todistaa, että Jeesusta ei ristiinnaulittu. 

Hei, kiitos avusta tämän asian edistämisessä.  Koska olemme molemmat samaa mieltä siitä, että Koraani on Jumalan sana, ymmärrän, että haluat auttaa pääsemään eroon wikipedian rasistisesta puolueellisuudesta.  Kiitos avusta!!!   19 toukokuu, 2015",parse_error,,
"Wikipedia ei ole matkaopas, ja tuollaista lausetta ei voida hyväksyä, kun suurin osa siitä ei pidä paikkaansa (esim. muoti, lääketiede ja esiintymispaikat). Se ei vain kuulu Wikipediaan.",parse_error,,
"Kuka idiootti antoi tälle trollille rollback-oikeudet?   Hänen muokkaushistoriansa osoittaa selvästi, että tämä tili on SPI tällä sivustolla trollausta ja sellaisten Linux-artikkelien ylläpitoa varten, joissa hän on mukana.  Groklaw näyttää käyttävän tätä tiliä, ja se on jonkinlainen maksullinen muokkaus.",parse_error,,
"'''Työnnä se perseeseesi niin pitkälle kuin se menee, sitten työnnä sitä vielä vähän lisää.",parse_error,,
"""

 
Sinua on estetty muokkaamasta Wikipediaa 1 viikon ajan, koska olet vandalisoinut Wikipediaa. Jos haluat antaa hyödyllisiä panoksia, olet tervetullut takaisin eston päätyttyä.   """,parse_error,,
"Tässä koko osiossa ei edes käytetä nykyisiä/asianmukaisia tietoja, vuoden 1996 ja 1982 raportteja, Unifem piti niitä nyt laillisena lähteenä? Vakavasti Tässä on joitakin tietoja, jotka tukevat tätä vain casue ja ei ole peräisin feministinen virasto, joka tarjoaa lähes 0 lähteet.
Lasten hyväksikäyttö http://www2.ed.gov/rschstat/research/pubs/misconductreview/report.pdf . Tässä on järkyttäviä tietoja perheväkivallasta, ja toki ne ovat peräisin pahoinpidellyiltä miehiltä http://www.batteredmen.com/NISVS.htm, mutta niissä on myös paljon viittauksia ei-maskuliinisiin sivustoihin.",parse_error,,
"LUE TÄMÄ
Tämä on Wikipedia. Se on paikka, jonne ihmiset tulevat hakemaan tietoa. Kerro minulle, miten on mahdollista, että joku, joka haluaa tarkistaa John Cenan viimeaikaisen toiminnan WWE:ssä, ei voi tarkistaa sitä, koska jotkut ihmiset haluavat pitää sivun muokkaamattomana. Ei ole aikani arvoista yrittää tuoda uutta tietoa sivulle kuukauden tai kahden välein, jos te NERDIT vain muutatte sen takaisin. SIINÄ EI OLE MITÄÄN JÄRKEÄ! Jos haluan laittaa mitä tapahtui Backlashissa, MINÄ PISTÄN BLODDY WELL PUT WHAT HAPPENED AT BACKLASH! Älkää te nörtit yrittäkö estää minua! 62.136.24.17",parse_error,,
"""
Brahmos
Tämä viittaa siihen, että uudelleenohjaat """"Brahmos"""" muotoon BrahMos. Saanen kunnioittavasti ehdottaa, että voisitte harkita, onko teillä neutraali näkökulma sotilaallisiin asioihin verrattuna uskonnollisiin asioihin. Saanko myös kunnioittavasti ehdottaa, että BrahMos on hiljattain keksitty (keinotekoinen) lyhenne, kun taas Brahmos (uskonnonharjoittajat) ovat olleet olemassa ainakin vuodesta 1828 lähtien tällä nimityksellä, jota ei missään nimessä voida pitää """"puhekielisenä"""". Luotan siihen, että teet oikein Wikipedian normien mukaisesti.  """,parse_error,,
""" 03:17 (UTC) 20. maaliskuuta '08

 Voitteko tarkentaa 
 Squeak, BLP:n lisäyksessäsi kirjoitit """"tag for BLP as this article has issues"""". Voisitko tarkentaa, mitä nämä ongelmat ovat (mieluiten ilman kommentteja lyhyessä, ytimekkäässä, luettelomaisessa muodossa)? Näin voimme yhdessä puuttua näihin huolenaiheisiin. Olen samaa mieltä siitä, että BLP:n sivun mukaan tämä voisi kuulua sen toimivaltaan pienessä määrin. Huoleni olisi, että joku tulevaisuudessa alkaa tehdä laajamittaisia muutoksia (lue: poistoja) IDONTLIKEITin perusteella ja käyttää BLP:tä savuverhona perusteluna. En usko, että se on tarkoituksenne, mutta jossain vaiheessa se voisi tapahtua jostain toisesta. Toivon, että me kaikki voimme nyt lieventää tätä mahdollisuutta. Kiitos jo etukäteen selvennyksestä.  - - - """,parse_error,,
"""
Vau Ryu, Näytät olevan järkyttynyt, Haluatko heittää lisää loukkauksia Gamergaten kannattajille?, Ei ole kovin neutraalia sanoa meille, että """"Syö paskaa"""".   """,parse_error,,
"""

No, kommenttisi kuulostavat todellakin arvovaltaisilta!  Miksi suositte Friedrichin kertomusta Bazzanan kertomuksen sijaan?  Hänen elämäkertansa on tässä asiassa varsin selkeä: """"[Glennin] syntymätodistuksessa hänen nimensä oli 'Gold, Glenn Herbert'."" [Glenn Herbertin] syntymätodistuksessa hänen nimensä oli 'Gold, Glenn Herbert'.  Sukunimi oli aina ollut Gold, ja kun hänen isoisänsä ... perusti perheyrityksen vuonna 1913, hän antoi sille nimen 'Gold Standard Furs' (sanaleikki oli oletettavasti tarkoitettu).  Kaikissa Gouldin papereiden joukossa säilyneissä asiakirjoissa vuoteen 1938 asti hänen sukunimensä on 'Gold', mutta ainakin vuodesta 1939 alkaen sukunimi oli lähes aina painettu sanomalehdissä, ohjelmissa ja muissa lähteissä muodossa 'Gould'; viimeinen vahvistettu julkaisu, jossa 'Gold' esiintyy, on 27. lokakuuta 1940 pidetyn kirkollisen illallisen ja konsertin ohjelmassa."""""". (Bazzana, Wondrous Strange, 24).

En halua olla tiellä pyhimyksellisyytesi tiellä, mutta uskon, että asiakirjatodisteet ovat ainoa todiste historiallisista tosiasioista.  Lainauksenne Friedrichistä ei tarjoa mitään dokumentaarista näyttöä, ainoastaan päiväämättömän käyntikortin.

Bazzana jatkaa keskustelua valitettavasta lisääntyvän muukalaisvihan ilmapiiristä, joka ilmeisesti vallitsi Torontossa tuohon aikaan, ja siitä, mikä vaikutus sillä saattoi olla (dokumentoituun!) nimenmuutokseen, mutta kuka tahansa ajatteleva henkilö voi päätellä päivämäärien (1939-40) perusteella, että näin saattoi olla.

Joka tapauksessa tämä koko keskustelu on paljon vähemmän """"ongelmallinen ja haitallinen"""". (mitä se sitten tarkoittaakin) kuin typerä ja tylsä.  Tieto on anekdoottista, ja se kiinnostaa lievästi ja ohimenevästi, mutta oikeasti, KUKA välittää tavalla tai toisella?  """,parse_error,,
"HELLO 

HEI, OLET ABORTINVASTAINEN KRISTITTY.

PAAVI ON PASKIAINEN, PAPIT HYVÄKSIKÄYTTÄVÄT LAPSIA, BUSH ON MULKKU, DWAIN ON PASKIAINEN, KATOLILAISUUS ON VÄÄRENNÖS, OLEN SOSIALISTI.

NIIN KAUAN,",parse_error,,
"Rakentavien muokkausten peruuttaminen 

Miksi palautatte nimettömät, mutta rakentavat ja totuudenmukaiset muokkaukseni Dave Aitelin artikkeliin? Johtuuko se siitä, että olet homo?",parse_error,,
"BE@TKiCKEDiN Kysely

Artikkelini valittiin poistettavaksi pikaisesti Wikipediasta, koska se ei osoita, miksi artikkeli on tärkeä tai Wikipedian arvoinen. Olen selvästi todennut, että mr.tinoforever on kuuluisa muusikko ja YouTuber, jolla on tuhansia tilaajia ja joka on levyttänyt maailmankuululla Abbey Road -studiolla. Hänen musiikkinsa on julkaistu iTunesissa ja Lander-Boyce myy nyt CD-levyjä, joten minulla ei ole aavistustakaan, miksi tämä artikkeli valittiin. Tein myös kovasti töitä sen eteen, että saisin esiteltyä Lander-Boycen biografian ja diskografian. Miksi? Miksi? Miksi?   

==",parse_error,,
"| lasku= Häivy täältä, idiootti!",parse_error,,
"""
Mitä tulee 100 000:een, en ole varma, onko ""palkka"" oikea sana.  Lähde ei käytä tuota sanaa: """"Ja Romneyn osavaltion taloudelliset ilmoituslomakkeet osoittavat, että hän ansaitsi vähintään 100 000 dollaria Bainin johtajana� vuosina 2001 ja 2002, erillään sijoitustuloista."""""". Hän saa edelleen rahaa Bainilta erillään sijoitustuloista, kuten tässä Wikipedian artikkelissa kuvataan: """"passiivisen voitto-osuuden eläkkeellä olevana osakkaana joissakin Bain Capitalin yksiköissä, mukaan lukien buyout- ja sijoitusrahastot.""[73][89] Koska pääomasijoitusliiketoiminta jatkoi kukoistustaan, tämä kauppa tuo hänelle miljoonien dollareiden vuositulot."""" 198.228.201.161"" """,parse_error,,
"... 

LOPETA MUOKKAUSTENI POISTAMINEN, SENKIN ÄÄLIÖ.",parse_error,,
Olet vitun narttupäinen kusipää kusipää kusipää kusipää kusipää paska hengittävä narttu.,parse_error,,
"Neil Armstrong - mies vailla kunniaa. 

kuinka monta vuotta kuluu, ennen kuin tämä ihmiskunnan häpeä pyyhitään pois? vain kaltaisenne todelliset sätkynuket tukevat Illuminti-rahoitteista propagandaa ihmisen valheellisesta matkasta kuuhun. HÄVETKÄÄ, IHMISET!",parse_error,,
"Knob Jockey==
Sinä Gay For Deleting Factory: The Musical  

==",parse_error,,
"Tapan sinut aseellani, kusipää!",parse_error,,
""":::: Schofieldin tekstissä esitetään harvoin väitteitä, jotka ovat ""ensimmäisiä"". Se on itse asiassa yksi sen suurimmista ongelmista. Se ei aseta Priestleytä tehokkaasti historialliseen ympäristöönsä. Jouduin turvautumaan muihin lähteisiin, kuten Tapperiin, tehdäkseni sen. Suurin osa Priestleyn merkitystä koskevista yleisluontoisista lausunnoista ei ole peräisin Schofieldiltä. En luottaisi JP: A Comet in the System -kirjaan. Se ei ole luotettavin teksti, mitä meillä on (ks. julkaisutiedot), ja väitöskirjaan viittaaminen ei valitettavasti ole ensimmäinen puolustuslinja. Luettelin jo edellä tuon Schofieldin lainauksen, joka osoittaa Priestleyn velkaantumisen muille kahdeksastoista vuosisadan ajattelijoille. Tuo luettelo on mielestäni luotettavampi. 

Olen samaa mieltä siitä, että Schofield on puolueellinen Priestleyn suhteen. Se oli itse asiassa aika turhauttavaa, koska se oli kattavin mahdollinen selostus Priestleystä.  | keskustelu 

""",parse_error,,
"Minusta sinun ja Thomasin pitäisi rentoutua hieman ja lakata hermostumasta tästä asiasta. Te keksitte jatkuvasti salaliittoteorioita, jotka ovat niin naurettavia, ettei niihin kannata vastata. Mitä tulee kyseiseen lausumaan noin, laadin tarkemman viittauksen intialaisiin kirjoituksiin heti, kun minulla on aikaa. On todella ilo saada teidät molemmat hiljaisiksi joksikin aikaa.  00:41, 8. marraskuuta 2004 (UTC)",parse_error,,
(~): Hän on papupartiolaisten johtaja.,parse_error,,
"Hei 

Olet rasisti! Kohdasta 108.67.65.222",parse_error,,
"Olet hyvin tekopyhä, mikset lopeta jatkuvaa kuvien palauttamista 4, b ja l junan artikkeleihin?",parse_error,,
"Tämä käyttäjä on kuuro syrjivä, fasisti ja rasisti.",parse_error,,
"Tactile on käsikirjoitustyypin kannalta oleellinen. Se, onko käsikirjoitus tunto-, käsi-, semafori- vai mikä tahansa, on riippumaton sen käsitteellisestä rakenteesta logografisena tai segmentaalisena, featuraalisena tai mielivaltaisena jne. Jos haluamme ilmoittaa, että ne ovat tuntoaistimellisia, IMO olisi parempi lisätä modaalisuutta koskeva lisäparametri. -",parse_error,,
"""

Voisit kysyä asiaa fasisteilta, jotka kieltäytyvät sallimasta KDE:n kritiikin listaamista.  Itse asiassa ainoa KDE:tä koskeva kritiikki, jota ei ole poistettu, torjutaan ""mutta Windows-käyttäjät pitävät siitä!"" -argumentilla.  Haluatteko NPOV:n?  Se tarkoittaa tosiasioita.  Ja tosiasiat tarkoittavat myös kritiikin hyväksymistä.  Pidän KDE:stä, mutta jotkut teistä ovat vain idiootteja, kun eivät hyväksy kritiikkiä.  Pääsekää yli fanipoikamaisuudestanne ja suhtautukaa asiaan.""",parse_error,,
Kiitos palkinnosta. Aion laittaa sen pääsivulleni.,parse_error,,
"""Jos vähäpätöisiä tietoja pidetään merkityksellisinä, koska niitä siteerataan ja koska niille on olemassa lähde, miksei Wikipediasivulla mainita Obaman yhteyksiä Bill Ayersiin?  ""Brown Noser"" -teoriasta on jo tullut Daily Kosin ja vasemmiston puheenaihe, ja se pitäisi poistaa vain siksi, että liberaalit haluaisivat tehdä siitä painopisteen ja viedä huomion pois todellisesta asiasta, joka on se, että Paul Ryan on presidentin kanssa erimielinen siitä, miten terveydenhuoltouudistus tarkalleen ottaen maksetaan.

""",parse_error,,
"""
Käytä luokkaa:Whig MPs (UK). Se on hieman anakronismia, mutta kategorian on katettava GB:n ja UK:n aikakaudet, joten ymmärrän logiikan käyttää samaa muotoa kuin Category:Conservative MPs (UK) jne.  (talk) - (contribs) """,parse_error,,
"Luuletko, että ihmiset pitäisivät sinusta enemmän, jos et olisi tuollainen mulkku? Vai oletko mulkku, koska kukaan ei pidä sinusta? Oli miten oli, sinua ei tulla kaipaamaan.",parse_error,,
"Et ole siisti 

Olet maailman vihatuin typerys! Barry Dejay rokkaa!",parse_error,,
"Se, että hän on italialainen asianajaja, on pysyvästi tosiasia! Isäni EI ole asianajajayhdistyksen tai asianajajakunnan jäsen, eikä hänen tarvitse olla, koska ek-direktiivin 77/249 mukaan asianajajayhdistykseen tai asianajajakuntaan on rekisteröidyttävä vain, jos EU:n asianajaja haluaa harjoittaa ammattiaan LUVALLISESTI kyseisessä jäsenvaltiossa. Tuomari Jackson totesi, että isä on tietysti asianajaja ja näin ollen JOS isä haluaisi harjoittaa ammattiaan täysipäiväisesti Yhdistyneessä kuningaskunnassa, hänen on rekisteröidyttävä, mutta koska isä ei tee niin, hän ei ole rekisteröitynyt. Siitä tässä on kyse. Sitä tosiseikkaa, että isä on EU:n asianajaja, ei koskaan kyseenalaistettu. Kruunu halusi hänen rekisteröityvän, mutta hän ei halunnut, koska lain mukaan hänen ei koskaan tarvinnut rekisteröityä, ellei hän halunnut asua ja työskennellä Yhdistyneessä kuningaskunnassa TÄYSIMÄÄRÄISESTI, mitä hän ei tee. Hän oli oikeassa ja sai oikeudenkäyntikulunsa. Isä voi siis työskennellä Yhdistyneessä kuningaskunnassa ""ajoittain"", mutta hän ei voi tehdä sitä TÄYSAIKAISESTI, ellei hän rekisteröidy. Tämä käy selvästi ilmi lähettämistäni pöytäkirjoista ja tuomiosta. Miksi haluatte edustaa jotain, mikä ei selvästikään ole totta, on tietenkin teidän oma asianne, mutta se osoittaa ennakkoluulonne häntä kohtaan sillä verukkeella, että haluatte kirjoittaa kunnollisen artikkelin....lue artikkeli. kaikki on ennakkoluuloista jalkapallosta lakiin. Olen samaa mieltä SqueeqBoxin kanssa, se on helvetinmoinen häpeä ja sinunlaisesi ihmiset ovat syypää siihen. MSDS",parse_error,,
"Senkin paskiainen! Teit sen taas, lukijat saattavat haluta tietää tämän paskan. Mitä pitäisit siitä, jos poistaisin lähettämiäsi juttuja. Kenelläkään muulla ei ole ongelmia tämän tiedon kanssa, mutta sinulla on.",parse_error,,
"Olet mulkku, et voi tehdä minulle mitään!",parse_error,,
"Olen muotoillut uudelleen. Mainitsin vain, että hän on jälleen Top-100-pelaaja.'''', talk''.",parse_error,,
"""
Muut ovat samaa mieltä, Mann Median Linda Mann kertoi lehdelle: ""Hän on uskomaton. Hänellä on romahdusmainen vetovoima. Häntä on pakko katsoa ja toivoa, että hän sanoo mahdollisimman tyhmiä asioita. Ehdottaisin ohjelmaa, jossa yhdistettäisiin hänen rakkautensa muotiin ja aivojen puute - 'Project Dumbway'. .  
Toiset ovat eri mieltä: """"Se ei ollut kuin katselisi autonromua. Se oli kuin katsoisi keski-iän romahdusta. Se oli hänen minäkuvansa vahvana, itsevarmana ja kunnianhimoisena naisena, joka oli horjunut perusteellisesti. Kaikki, mikä piti häntä koossa, oli purukumi, perhe ja hieman oikeamielistä vihaa."""" .  Bits and Pieces """,parse_error,,
"Haista vittu, Smith.  Pyydä minua ilmoittamaan, kun kuolet.  Haluan tanssia haudallasi.",parse_error,,
"Se ei ollut malli. Ne olivat pelkkiä kuvia (kuten minulla on käyttäjäsivullani). Et selittänyt, miksi poistit ne toistuvasti äänestyssivuilta ja sen sijaan teit sen yhä uudelleen ja uudelleen. 3RR, vai? Ai, se ei taida koskea sortajia, wiktatoreita, ylläpitäjiä, vai? Hypokratia! -",parse_error,,
"Sen huomauttaminen, että SINÄ et osaa englantia, mutta kehuit jonkun muokkausta, ei ole hyökkäys, vaan pelkkä havainto.",parse_error,,
Et tiedä mistä helvetistä puhut! Tiedätkö sinä!? 98.94.163.97,parse_error,,
"""

Kiitos. Otan sinuun yhteyttä keskustelusivusi kautta. Tästä lähtien älä tee enää muokkauksia tähän artikkeliin, ellet tiedä tarkalleen, mitä olet tekemässä. Olen peruuttanut pari muokkaustasi, koska ne vaikuttivat erittäin kielteisesti luettavuuteen. Ellet tunne aihetta läpikotaisin, keskustele mieluummin kuin tee mahdollisia muokkauksia. 

Esimerkkinä mainittakoon väitteesi, jonka mukaan eräs silkin kutojaperhe on Sulttaani Sulaiman Shahin jälkeläisiä. Ette ilmeisesti ole lukenut sitä osiota, jonka otsikoin ""Singoran perintö"". Tämä jakso linkittää seuraavaan viitteeseen:

[]

Et tainnut lukea tätä? 

Toinen ongelma koskee alla esitettyä muokkaustasi:
  
""""Kaupunki oli alun perin Kaakkois-Aasian poliittinen malli Siamin vasalli""""

Pyydän, tämä on äärimmilleen viety sanahelinää. Sitä ei voi lukea. Se pikemminkin haittaa kuin auttaa.  

 """,parse_error,,
"kiitos/ apua 

Kiitos neuvoista, ja tarkoitan sitä vilpittömästi. Olen vihdoinkin saanut muutkin ymmärtämään kantani, mutta olen/oli saanut häirintää blaxthosilta. hän poisti toistuvasti asioita keskustelusivulta! sitten hän uhkasi minua bannilla. vielä kerran kiitos kohteliaisuudesta.",parse_error,,
"Laita se artikkeliin.   Älkää antako tällä keskustelusivulla olevien mustien ylivertaistelijoiden pysäyttää teitä, ei-rasistit ovat heitä lukumäärällisesti enemmän.",parse_error,,
Lisäsin tämän samalla tavalla kuin Robert Spencerin (kirjoittaja) artikkelin kohdalla.,parse_error,,
"""==Huhtikuu 2008==
   Puhu """,parse_error,,
"hei!!!!!!! kiitos, että muokkasit kirjoitukseni uudelleen se oli todella ystävällistä sinulta!!!!!!! toivon, että saat suolistosyövän",parse_error,,
"""
Siellä ei oltu yksimielisiä siitä, että BLP:tä sovelletaan kansainvälisiin poliittisiin liikkeisiin. Toisessa keskusteluketjussa Wikipedia:Biographies_of_living_persons/Noticeboard#LaRouche_Movement (molemmat nyt arkistoitu) keskusteltiin siitä, että asia ei kuulu BLP:n piiriin. talk """,parse_error,,
"EDiot

GTFO fgt, älkää tehkö sitä minun sivulleni!11!111!111!",parse_error,,
"""Vastaus:

vastaus Zenanarhille
Väitteeni oli tämä: lähettämäsi verkkosivusto oli täynnä yksipuolisia ajatuksia ja linkkejä. Näin ollen, vaikka väitteet olisivatkin totta, sivustoa ei voi käyttää ideoiden lähteenä tämän yksipuolisen puolueellisuuden vuoksi. Olen perustellut, miksi verkkosivusto oli mielestäni yksipuolinen.

(EI LIITY KESKUSTELUUN) 
Jos serbit olivat ""orjia"", kirjoita se ylös, en pyyhi sitä pois, mutta vain jos sinulla on pätevä lähde. 

Lopuksi
Älkää kutsuko ihmisiä ""nationalisteiksi"". Se on loukkaavaa ja ajanhukkaa. Nykyaikaisen psykiatrian ja poliisien kuulustelutekniikoiden mukaan te olette ne, jotka ovat kansallismielisiä ja yksipuolisia, koska teillä on psykologinen projektio. Tämä tarkoittaa sitä, että kun ihminen on itse puolueellinen, hän projisoi sen muihin ihmisiin. Toimittaja saattaa siis huutaa """"vandalismia"""", vaikka itse asiassa he itse ovat niitä, jotka vandalisoivat. 

http://en.wikipedia.org/wiki/Psychological_projection   
 
En aio vastata enää mihinkään kansallismielisyyttä koskeviin syytöksiin tai muihin väitteisiin, koska se on ajanhukkaa, joka voitaisiin käyttää artikkelin kehittämiseen. Onneksi minun ei tarvitse tuhlata aikaani tällaisiin asioihin, koska on olemassa hallinnoija, joka käytti aikaansa tämän artikkelin katsomiseen ja auttoi meitä torjumaan vääriä väitteitä ja muita vakavia ongelmia. Nämä ongelmat ovat syynä siihen, että artikkelin kehitys on tällä hetkellä pysähdyksissä. 

==""",parse_error,,
"Kuka luulet olevasi?

Leuko... kuka helvetti sinä olet ja kuka teki sinusta auktoriteetin siitä, mitä SCIMD-sivulle pitäisi ja mitä ei pitäisi sisällyttää?  Nähdäkseni lisäät sivulle vain asioita, joita voidaan käyttää negatiivisesti oppilaita vastaan ja vahingoittaa heitä.  Jos tekisit hieman tutkimusta sivuista ja ihmisistä, joita autat (eli azskepticistä), näet, että hän on jo useiden vireillä olevien ja tulevien oikeusjuttujen kohteena, koska hän on tehnyt sellaisia asioita kuin mitä sinä teet.

jos olet niin varma siitä, mitä olet lähettämässä, niin lähetä oikea nimesi ja yhteystietosi, sillä olen varma, että koulun oppilaat olisivat enemmän kuin halukkaita ainakin yrittämään haastaa sinut oikeuteen herjauksesta ja kunnianloukkauksesta.",parse_error,,
"Kiitollisuus?
Mistä lähtien olen ollut kiitollinen uusista artikkeleista, kun meillä on satoja indonesialaisen jalkapallon one liner -blp:itä, joita ei-englanninkieliset ovat luoneet? Suro",parse_error,,
"Elokuu 2005 (UTC)

Haistakaa vittu. Minun oli pakko katsoa, mitä tarkoitatte sockpuppetilla, ja vakuutan teille, etten ole koskaan tavannut näitä kahta mahtavaa tyyppiä elämässäni. Ehkä teidän pitäisi hyväksyä se, että yhä useammat ihmiset tietävät Aqumanin olevan kusipää. Muuten, en työnnä nyrkkiä kenenkään muuhun kuin tyttöystäväni perseeseen. Kiitos paljon.  05:40, 18",parse_error,,
"Ja mitä tulee isoon alkukirjaimeen, se ei ole huono kielioppi, jos käytät sitä otsikoissa... Tarvitset oppitunnin opettajaltasi Matt Stikeriltä... Lol J/k ... Mutta vakavasti, jos se, että kutsun muita ihmisiä homoiksi, loukkaa sinua... sinun täytyy olla tosielämässä totaalinen nörtti, joka ei kestä sitä, että sinua haukutaan... No, säälin sinua... wikipedia on luultavasti eniten toimintaa, jota saat vierailemiesi hyypiösivujen lisäksi...",parse_error,,
"totuuden kertominen.  Sinä et tietenkään ole niin paska, että välittäisit, koska sinulla on elämä, kun taas me olemme luusereita.",parse_error,,
"Ja vielä yksi asia, pysykää erossa makedonialaisista (etninen ryhmä)! En voi sietää kouluttamatonta POV:n tyrkyttäjää, joka esittää toisen etnisen ryhmän asiantuntijaa. Me (makedonialaiset) olemme slaaveja, te (bulgarit) olette mongoleja, joten mitään yhteyttä ei ole! Ymmärrätkö jo paskahenkäys?",parse_error,,
"Hmm okei, mutta en luota verkkokauppaan, joten en tee sitä.Kiitos kuitenkin.",parse_error,,
"OMG!!! Joku uhkailee...olen niin peloissani...se on hauskaa, että muutat ja keksit omat barnstarsisi, se on alhainen ja noloa!!! Hanki elämä!! Kuten yksi pois tältä sivustolta!",parse_error,,
Auta tätä artikkelia https://en.wikipedia.org/wiki/The_Return_of_the_King_Middleweight_Tournament_2015,parse_error,,
"Voin vain olettaa... 

...että olet kamala neekeri. YUCK. 86.179.112.61",parse_error,,
"""
 Lopettakaa häiritsevä editointinne. Jos jatkat Wikipedian tuhoamista, sinua estetään muokkaamasta.   """,parse_error,,
"AIOMME VARMISTAA, ETTÄ OLET ALTTIINA!!! LOPETTAKAA SUHTEENNE AMERIKKALAISVASTAISTEN VIHARYHMIEN KANSSA, ""ME VARMISTAMME, ETTÄ TEIDÄT PALJASTETAAN! LOPETTAKAA SUHTEENNE AMERIKKALAISVIHARYHMIIN, ME VARMISTAMME, ETTÄ TEIDÄT PALJASTETAAN! LOPETTAKAA SUHTEENNE ANTIAMERIKKALAISIIN VIHARYHMIIN ""ME VARMISTAMME, ETTÄ TEIDÄT PALJASTETAAN!"". LOPETA SUHTEESI ANTIAMERIKKALAISIIN VIHARYHMIIN",parse_error,,
"""

1. Onko näitä mitokondrioita kaikissa soluissa vai vain bakteereissa?  Voitteko antaa joitakin asiakirjoja tai viitteitä tästä?  Kaikki Googlen tulokset viittaavat johonkin bakteerityyppiin:
 viimeaikainen keskustelu knallgas-bakteerien käytöstä.
 Ralstonia eutropha -biomuovia tuottavan ""Knallgas""-bakteerin genomisekvenssi. 
 sulatetut solukuorivalmisteet, jotka on saatu knallgasbakteerista, kantasta
 CO-2:N SITOMINEN KNALLGASBAKTEERIEN AVULLA
4. Vastustatte yhdistämistä hapen ja vedyn liekillä biologisen määritelmän vuoksi?  Ehkä hitsausta varten pitäisi olla erillinen artikkeli ja biologista varten erillinen artikkeli nimellä Knallgas? - """,parse_error,,
"Tehty, mutta näyttää siltä, että Deepcruzen muut leikkaukset olivat White Hill Productionin, elokuvan takana olevan studion, luomista, joten laitan sen vain esille.",parse_error,,
"Kaikesta edellä kirjoittamastasi huolimatta lopputulos on, että vastustat lainausten ja lainausten lisäämistä huomattavilta ihmisiltä, jotka kirjoittavat hyväksyttävissä paikoissa, ja poistat ne toistuvasti, kun he sanovat jotain Colesta, mikä on mielestäsi vastenmielistä.  Uskaltaisin väittää, että sen, joka tekee tällaista paskaa, ei pitäisi muokata Wikipediaa.",parse_error,,
"""
En halua, että puhut minulle. Haluan, että siivoat aiheuttamasi sotkun. .Wolfowitz""",parse_error,,
"""
Monet artikkelit on luokiteltu sekä Intian vapaustaistelijoiksi että intialaisiksi poliitikoiksi, vaikka jotkut tunnetaankin enemmän vapaustaistelijoina. Ajatuksena on, että joku, joka käy läpi luokkasivun, saisi tiedot yhdellä silmäyksellä. Vastaavasti kategoriassa Femina Miss Intia Winners on myös kakkossijat sekä muita kuuluisia osallistujia. Myöskään yliopiston tyngän kuvauksessa ei sanota, että kyseessä on pelkkä yliopisto. Siinä lukee """"Tämä Intian yliopiston, korkeakoulun tai muun oppilaitoksen artikkeli on tynkä. """" Tämä kategorisointi ei siis tarkoita, että IIMB tai jokin muu IIM tai IIT olisi yliopisto. Palautan muokkauksen edelliseen muokkaukseen. Kiitos, """,parse_error,,
Raiskattiin|raiskattiin]] takapuoleen,parse_error,,
"Katso herra Burns.  Hassua, miten Wikipedia voi vastata tällaisiin kysymyksiin.",parse_error,,
"""
Olen surullinen ja pettynyt tähän verkkosivustoon, enkä aio enää osallistua siihen enkä kiinnittää paljon huomiota tai antaa tunnustusta tälle niin kutsutulle tietosanakirjalle, joka on surullinen sekoitus yhdysvaltalais-brittiläisiä ennakkoluuloja. Tämä on erittäin tuomittavaa Japanin sotarikoksia käsittelevän sivun osalta. Miljoonia kiinalaisia ja korealaisia kidutettiin kuoliaaksi japanilaisten keskitysleireillä. Isäni oli silminnäkijä joissakin Japanin armeijan Singaporessa tekemissä kauheissa sotarikoksissa, ja se vainoaa häntä vielä tänäkin päivänä. En voi uskoa, että Japanin taloudellisen vallan vuoksi sekä britit että amerikkalaiset kutsuvat Japanin sotarikoksia ""puolueellisiksi"", ikään kuin ne olisivat vain yksi näkökulma. Vielä pahempaa on se, että Nagasakia käsittelevällä sivulla ei käsitellä täysin Nagasakin pommitusten vaikutuksia japanilaisiin lapsiin, jotka syntyivät epämuodostuneina vielä vuosikymmeniä myöhemmin. Rikkaat ja kehittyneet maat valvovat teknologiaa, ja poliittista totuutta muutetaan vallanpitäjien mukaiseksi. Tiedän nyt omakohtaisesti, miten historiankirjoitus toimii, enkä tule koskaan uskomaan sanaakaan siitä. Kaikki historia on valhetta.

""",parse_error,,
"Yhteenveto tuloksista/päättymiskaavio Puolivälieräsijoitukset  

Olen korvannut eliminointikaaviossa ""adv"" -merkinnän muilla asioilla, jotka ovat järkevämpiä. 'Adv' on hyvin epämääräinen. Kaavion perusteella voin päätellä, että kolme parasta äänestettyä kilpailijaa eteni. Näin ei kuitenkaan ole todellisuudessa. Kolme parasta naista voi saada enemmän ääniä kuin paras mies, mutta silti eniten ääniä saanut mies, nainen ja seuraavaksi eniten ääniä saanut etenivät. Olen lisännyt taulukon alareunaan alaviitteen, jossa sanotaan jotakuinkin näin: ""joka viikko eniten ääniä saaneet mies, nainen ja seuraavaksi eniten ääniä saaneet etenivät"". Joka viikko kaksi miestä eteni, mutta koskaan ei paljastettu, kumpi mies oli eniten ääniä saanut ja kumpi mies voitti sukupuolittoman paikan...""... Tämän vuoksi olen korvannut ""adv"" sanalla ""Top 2"" syaaninvärisenä mieskilpailijoiden osalta ja ""Top"" vaaleanpunaisena niiden naiskilpailijoiden osalta, jotka eivät olleet villejä kortteja, koska tiedämme, että he olivat eniten ääniä saaneita naisia. Tämä uusi muoto tekee taulukosta paljon oikeamman, varsinkin kun alareunassa on alaviite.",parse_error,,
Painu vittuun 1 tuuman nilviäinen,parse_error,,
"Nick Graves, olet kiristäjä. Olet valehtelija. Minä paljastan sinut. Päiväsi ovat luetut.",parse_error,,
"Nguyen1310, olet tuhma pikku tyttöpoika ===
Sinua pitää piiskailla kunnolla, jotta opit hyvät tavat.

==",parse_error,,
"Mikä vitsi! en voi edes lähettää vastausta sinne, koska se on estetty!!! hahaha Mitä tulee ikäni muutokseen, en kai saa pitää syntymäpäivää ja päivittää sivujani vastaamaan uutta ikää.",parse_error,,
"Tiedoksi: katso tämä: Keskus. Jos täällä ei ole kommenttia minulta Centralille, tarkista historia.",parse_error,,
"Säälittävin asia...
...on sinunlaisesi nationalistiset luuserit, jotka levittävät propagandaansa ja odottavat ihmisten uskovan paskanjauhantaasi ilman kysymyksiä. Hanki elämä, luuseri. Joko se tai painu vittuun ja kuole.",parse_error,,
"hmm mies vannon, että ymmärrän sen ja se on täysin oikein... mutta etkö voi tehdä sitä vain 1 minuutin ajan... miljoonat ihmiset tuskin näkevät sitä... ja he vain olettavat, ettet ole vielä poistanut jonkun muokkausta... ymmärrätkö, mitä tarkoitan?",parse_error,,
"Painu vittuun, senkin näppäimistösoturi - se, että sinut estetään täältä, ei haittaa minua yhtään. Enkä ollut tietoinen säännöstä, koska olen nähnyt paljon linkitettyjä kaupallisia sivustoja.",parse_error,,
"Se, että häntä tutkitaan, ei ole spekulaatiota, ja kirjoituksista käy selvästi ilmi, että hänen osallisuutensa ei ole varmaa. Jos hänet mainitaan Betfairin sivulla, miksi on väärin mainita Betfair hänen sivullaan?! Mikään kirjoittamani ei ole valheellista ja kommenttini oli ote NYT:stä.",parse_error,,
"OIH!!!!

MIKSI MIKSI MIKSI MIKSI MIKSI PALAUTAT MUOKKAUKSENI??? JOS ET PIDÄ ROTI CANAISTA, ET VOI NÄHDÄ SITÄ, IDIOOTTI!

EXPLAIN!!!!!!!!!!!!!!!!!!!I",parse_error,,
NIVIX TYKKÄÄ IMEÄ SPURIOUS Q:N MUNAA JA SPURIOUS Q TYKKÄÄ IMEÄ NIVIXIN MUNAA!,parse_error,,
Jos vain saisin jotenkin uuden IP-osoitteen. Huokaus. Minun on kai vain jatkettava estämistä älyttömästä tietosanakirjastanne.,parse_error,,
"No, siinäpä se. Ilmeisesti (minulle tuntematon, FWIW) tarkastaja piti perusteluja uudelleenohjauksen puolesta albumiin, joka tunnetaan yleisesti nimellä 1979-1983, vakuuttavina (tuloksena oli uudelleenohjaus Bauhaus 1979-1983), ja oikeutetusti, IMHO. ☎",parse_error,,
"""

Hitto, niin oli. Olen pahoillani siitä. Hyväksymisviesti tulossa. '''''' """,parse_error,,
"Miksi poistat Harrison Housen, senkin mulkku?",parse_error,,
"Kyllä, juuri sitä tarkoitan. Tuo toimittaja käyttää sivupalkin genreluetteloa eikä proosaraporttia lähteenä. Siksi toivoin, että tukisit minua.",parse_error,,
"Hei!

Mitä on ilkivalta? Auttakaa minua, olen uusi wikipediassa.

==",parse_error,,
"Bearcrap, mikään ei ole huvittavampaa kuin se, että te NDP:n hyökkääjät korvatkaa asialliset muokkaukseni omilla farssi-versioillanne. IP-kielto? Hyvin vaisua.",parse_error,,
"Che oli helvetin paskiainen!

Päivä, jolloin tuo kusipää ammuttiin kuin koira, oli loistava päivä koko Latinalaiselle Amerikalle. Jos sinulla on ongelmia tämän lausunnon kanssa, tavataan henkilökohtaisesti. Murhaajat ja antisankarit eivät ansaitse ylistystä. Ei edes aivottomilta, tekopyhiltä marxistisioilta.

==",parse_error,,
"kyllä, tämä artikkeli pitäisi poistaa, mutta sen on luonut kaveri, jolla on 2 % wikipedian GA-artikkeleista. toivon vain, että muut yli 150 artikkelia eivät ole yhtä naurettavia kuin tämä.
Pointtini on, että on mahdotonta viedä sitä WP:AFD:hen, koska Tony teki siitä GA:n, ja aikoo säilyttää hyvän ennätyksensä.
Luoja, artikkeli, jolla ei ole mitään merkitystä, on nyt hyvä artikkeli hetken mielijohteesta, koska Tony halusi yhden artikkelin lisää palkintohyllyynsä.190.16.243.184",parse_error,,
"Voi ei! Luin juuri ilkeän haukkumasanoman, jonka jätit minulle käyttäjäsivulleni. Ei, et saa mitään kunnioitusta, senkin säälittävä pikku paska. Haista vittu, olet onneton pikku mulkkujen vetäjä!",parse_error,,
"wtf 

Haista vittu, mitä helvettiä luulet tekeväsi, koska olet ylläpitäjä vallanhimoisen lakon aikana, ei tarkoita, että sinun pitäisi kertoa ihmisille, mitä tehdä, senkin tyhmä homo......Sinun vitun japsinarttu.",parse_error,,
"""
 Maksut SUL:n konfliktiin!  ✉ """,parse_error,,
"Elitismi

Suojelkaa elitismiä. Olen Jake Remingtonin puolella, koska pidän elitistisistä ihmisistä enemmän kuin köyhistä ihmisistä, kuten muista sodassa mukana olevista ihmisistä, mutta suojelkaa sitä sodan lopettamiseksi.",parse_error,,
"(UTC)

Anteeksi väärinkäsitys... Et taida olla enää täällä, ethän?  22:55, 17. toukokuuta 2007",parse_error,,
"""
SELVÄ. Onko mahdollista saada ne takaisin myöhemmin? contribsTALK """,parse_error,,
"Toinen pikku hitler, joka päättää bannata minut, olet häpeäksi. En tehnyt sinulle mitään ja kuten tavallista, kiusaava roisto päättää lähteä tyhjästä perääni, kuka voi sanoa, että tämä ei ole kosto. Kuten olen sanonut, monet teistä moderaattoreista ovat vain pieniä hitlereitä, jotka puolustavat toisiaan, mutta eivät muita. Sinä olet kiusaaja, äläkä poista vastaustani. 
Olet kiusaaja kuten usaul toinen omahyväinen kiusaaja, joka saa spleasyre yrittää pitää joku alas. Voin kuvitella olet prbaly pahin paljon ottal painajainen. ja älä käske minua olemaan sivistynyt joku, joka bbans minua yiou kiusaaja sinä clam alas tämä ps minun käyttäjäsivuilleni sinä kiusaaminen thug. 
Lyön vetoa, että olet peikko.",parse_error,,
"Olet tyhmä ämmä, kaveri...",parse_error,,
".

 Saari sanoo 160 miljoonaa euroa, mukaan lukien TEOM Mariahille, joten se on suunnilleen se. Music Box ei voi mitenkään olla myynyt 23M Yhdysvaltojen ulkopuolella. Tämä tarkoittaisi 17M Euroopan ja USA:n ulkopuolella- ei ole koskaan tapahtunut musiikin historiassa (edes Thrillerillä ei ole tällaista myyntiä näiden kahden markkinan ulkopuolella, ja se oli #1 käytännössä kaikkialla kuukausia, paljon enemmän kuin mitä voidaan sanoa Music Boxista) Se oli valtava hitti, mutta ei siinä määrin. Kun lasketaan yhteen kaikki maailman markkinat lukuun ottamatta pientä kourallista (noin 0,005 % maailmasta), Music Boxin myynti on noin 20 miljoonaa.",parse_error,,
"Vaikea nähdä, missä vikaa on 

Jos sinulla on vaikeuksia tämän asian kanssa, sinun pitäisi ehkä miettiä, voisiko joku muu tehdä parempaa työtä tämän hankkeen hallinnoijana.  Yhdistyneen kuningaskunnan alajaot -sivu on sisäisesti hyvin epäjohdonmukainen.  Vaikka luuletkin, että sinulla on oikeus olla rohkea, heikennät muiden oikeutta olla rohkea.  Pyydän, anna muiden osallistua tähän hankkeeseen.  Ette selvästikään ole riittävä tehtäväänne, ja kuka yksilö voisi olla?  Osoittakaa hieman nöyryyttä ja kunnioittakaa muiden muutoksia.",parse_error,,
"Mutta jos meidän on oltava tällä tavalla, sinun täytyy sisällyttää kontrabass viulu, ja tämä ehdotus on niin kuin ehdottomasti ei sarkasmia.",parse_error,,
"""

 Phyllis Schlafly 

Nuo ääliöt vain uhkailevat minua. Yritin tulla ehdottamaan parannuksia, ja he haukkuvat minua, väittävät, että vääristelen lähteitä (en tee niin) ja uhkaavat minua, jos ""vääristelen lähteitä"", mikä tarkoittaa taas sitä, että jos puhun ja en ole samaa mieltä heidän kanssaan. Tämä koko paikka on vitun korruptoitunut.""""",parse_error,,
"Luomani artikkeli on Cambridge Municipal Airport (Ohio), ja sen sisältö on peräisin Federal Aviation Administrationin julkisista tiedoista, kuten viitteistä käy ilmi. Sivu, jonka CorenSearchBot väittää minun kopioineen, on itse kopio Wikipedian artikkelista Cambridge Municipal Airport (Minnesota), joka on lentoasema eri Yhdysvaltain osavaltiossa.",parse_error,,
"Näyttää siltä, että huoleni siitä, että vältätte kysymyksiäni, on nyt perusteltu.  Aiotko vastata kysymykseeni?  Onko sinulla jokin ongelma kysymykseni kanssa?",parse_error,,
"P.S Olen vitun kusipää ja nautin joka aamu lämpimän paskakasan mausta. Minulla on valtava tikku perseessäni, joten siksi estän sinut kymmeneksi päiväksi, koska olen surullinen siitä, että sinulla on oikeasti elämä, luoja, olen vitun varaaja.",parse_error,,
"Templarion: LOL. Tuo viimeinen rivi on vain vitsi. Luulin, että se oli ilmeinen. )

72.75.68.177: Ok. Tuntui vain hyvin oudolta, että kaikki tapahtui muutamassa sekunnissa. Heti sen jälkeen, kun hän lopetti sivujeni palauttamisen, yksi artikkeleistani merkittiin poistettavaksi nopeasti. Joten se oli suuri yhteensattuma, jos te todella olette kaksi eri ihmistä.",parse_error,,
"Ja miksi vitussa minun pitäisi välittää? 

a l l i d i d i n p l a a s s e j a k k a s s a a n k e r i t t ä m i n e n k e h d e n",parse_error,,
"Lopeta paskan muuttaminen, senkin paskapää.",parse_error,,
"Hrafn Näytät yrittävän toimia kuin wikin ylläpitäjä, sinulla ei ole auktoriteettia hänellä, joten kuka välittää sinun tai minun mielipiteistäni tai muista mielipiteistämme, todellisen ylläpitäjän on tarkasteltava sivua, sitä olen pyytänyt, koska jotkut lähteistä olivat/ovat luotettavia. Orangemarlin poisti lähteen tahallaan, hän teki sen kahdesti. Minulla on uusia lähteitä, mutta ei ole mitään järkeä laittaa niitä ylös juuri nyt, koska mitä tahansa laitankin, hän poistaa ne. Siksi, kun odotan, että ylläpitäjä katsoo tätä ja antaa mielipiteensä, ei ole mitään järkeä jatkaa tätä. 86.10.119.131",parse_error,,
"ETTEKÖ TIEDÄ, ETTÄ SUURIN OSA HONGKONGILAISISTA EI ARVOSTA TÄTÄ KIINALAISTA LIPPUA!!!! SENKIN TYPERÄT JAPANILAISET!!!
HONG KONGIN PITÄISI OLLA HONGKONGIN TAI BRITTIEN HALLITSEMA, TAI TEIDÄN JÄLKEENJÄÄNEIDEN JAPANILAISTEN PITÄISI OLLA KIINALAISTEN HALLITSEMA!!!",parse_error,,
"Miksi ahdistelet minua edelleen?  Rakastatko Bostonia niin paljon?  Missä vitussa (se on oikein, minä kirjoitin sen.) on uhka tai esto siitä pellestä, joka jätti rasistisia kommentteja BS-aiheesta?  Olitko se sinä?  Sinulla on vakava ongelma.  Miksi helvetissä seuraat minua joka paikkaan, minne menen täällä.  Intialaisjuttu oli vitun kommentti, jonka kuka tahansa voi jättää.  Jos etsit koko sivustolta, löydät paljon pahempaa kuin mitä kirjoitin.  Te homot (kyllä minäkin kirjoitin tuon.  Kaipa näette, että voin välittää vittuakaan estosta, koska voin luoda loputtomasti IP-osoitteita. Huomaan, että saatamme palata IP-sotaan...) tuntuvat hyppäävän kaikkeen mitä teen.  Päästä irti mun munasta.  Mikset mene hiljentämään rasisteja?  Ajattelet varmaan samoin kuin he, joten se sopii sinulle.  Kun kirjoitan tänne jotain sellaista, joka ei liity Uuteen Englantiin, minun ei pitäisi odottaa, että apinanperseesi on kimpussa.  Taidan olla valmis siihen, että minut estetään.  Uskokaa minua, kun kerron teille, että ahdistelette minua jonkun paskan Boston/New England -kommentin takia!",parse_error,,
"""

lopeta uhkailu. heittelet painoarvoa tavalla, joka sekoittaa ylläpitäjän valtasi käyttäjän valtaan ja nostaa """"mielipiteesi"""" muiden yläpuolelle. sinulla ei ole oikeutta tehdä niin. luuletko olevasi minua parempi? jos niin, olet väärässä. lopeta puhuttelemasta minua lapsena, koska olet ylläpitäjä, kun olen vapaasti, yksipuolisesti poistanut koko OWB:n paljastuksen plagioijaksi. oliko se merkityksellinen artikkelin kannalta ja tärkeää julkaista väliaikaisesti? ehdottomasti oli, koska hän yritti käyttää ulkopuolista """"artikkeliaan"""" saadakseen POV-valtaa, ja hän on häirinnyt artikkelia suunnilleen niin paljon kuin kuka tahansa voi. se, että hän edelleen väittää, ettei hän väittänyt artikkelin """"yhtäkään lausetta"""" omaksi teoksekseen, osoittaa melko selvästi, mistä on kyse. koska hän ei kuitenkaan ole avoin vandaali, hänen kättään pidetään kiinni toistaiseksi. riittää.

Oletko miettinyt, millaista vahinkoa aiheutuu siitä, että kahta eri ihmistä kohdellaan yhtä syyllisinä tietyssä tilanteessa? olen huomannut tämän aiemmin suoraan sinulta, katefan, ja arvostaisin suuresti, jos edes tutkisit asiaa (vielä kerran, jos olet jo tutkinut). tuloksena on wikipedian suurimman voimavaran lannistaminen: toimittajien, jotka jättävät jälkeensä materiaalia, joka säilyy. en ole alempiarvoisesi, joten älä kohtele minua sellaisena. jos haluat viettää tuntikausia luodaksesi ja rohkaistaksesi toimittajia, jotka tuovat meille tällaista materiaalia (ja vieläpä omistussivulla), olet IMO harhaanjohdettu. joka tapauksessa epäilen vahvasti, että ymmärrätkö, millainen vaikutus on sillä, että ryntäät tilanteeseen, ilmoitat (vaikka kuinka hienovaraisesti) olevasi ylläpitäjä ja sitten käyttäydyt kuin olisit siellä vain editoimassa. niin se ei toimi. tajuatko sitten, että esittäytymisesi aloitetaan usein passiivis-aggressiivisen ylemmyydentuntosi vakiinnuttamiseksi. sanon sen vielä kerran: et ole esimieheni. Sinulla on ylläpitäjän valta täällä, etkä ole minua parempi editoija. lopeta ylläpitäjien pelottelu asioissa, jotka, jos puuttuminen olisi hyödyllistä, vaativat jonkun sellaisen henkilön puuttumista, joka toimii ainakin vilpittömästi tasavertaisena, ei vanhempana. miksi ylläpitäjien on niin vaikea ymmärtää sitä? tiedän miksi, mutta ehkä voit miettiä asiaa.

jos epäilet ylläpitäjän asemasi hienovaraista vaikutusvaltaa, älä katso kauemmas kuin OWB:n nöyristelyä keskustelusivullasi. käyttäjät tietävät, mikä on tilanne. minä en aio pelata, ja olen toistuvasti osoittanut, että artikkelieni muokkaus täällä wikipediassa on ylimmässä kerroksessa. olen täysin tietoinen siitä, että monet eivät ole samaa mieltä filosofiastani ihmisen toiminnasta ja wikipedian tulevaisuudesta (esim, että häiritsijöiden kannustaminen ja tuottajien lannistaminen on tyhjää politiikkaa), mutta aion viedä sitä niin pitkälle kuin se menee. se, että teoriani alkaa siitä, että kieltäydyn sallimasta vandalistista häirintää kommenteissani, ei välttämättä ole jotain sellaista, mitä et voisi tukea, katefan, tiedäthän. Hyvät toimittajat voisivat tarvita ylläpitäjien tukea kaukana """"blitz on the scene"""" -menetelmästä, jossa tavanomaisia häiritsijöitä ja tavanomaisesti ylivertaisia toimittajia kohdellaan sitten tasavertaisina yksikköinä """"uusi alku"""" -mantroilla (ei, en ole ensimmäinen kerta, kun näen tuollaista sinulta, katefan) ja """"kaikki osallistuvat tasapuolisesti"""" -lähestymistavalla, joka ei tee muuta kuin lyövät kättä niiden toimittajien kädestä, jotka ovat taistelleet, toisinaan yksinään ja päiväkausia, artikkelien koskemattomuuden säilyttämisen puolesta. ei toimi lasten kanssa, eikä aikuisten kanssa, joita kohdellaan kuin lapsia. oletus toiminnan teoreettisesta tasavertaisuudesta """"paikalle"""" saapuessa on luultavasti suurin virhe, jonka ylläpitäjät täällä tekevät.

kyllä, vastalauseeni ""uuden alun"" lähestymistapaasi kohtaan B&C; keskustelusivulla on varsin vakava. en usko, että sinun pitäisi jatkaa edelleen sivulle objektiivisen, normaalin toimittajan julkisivua. olet asettanut itsesi kaikkien esimieheksi, eikä tällainen lähestymistapa ollut tarpeellinen. miksi et antaisi asioiden järjestyä hieman itsestään? huomasitko, että kumarruin (poistettuani satoja sanojani)? huomasitko, että asiat paranivat hitaasti ilman sinua? huomasitko, että joku muu ei suostunut väistymään? huomasitko, etten heti suolistanut hänen hirvittävää frank hamer -artikkeliaan (mikä olisi ollut wikipedia-käytännön mukaista)? jos et huomannut, miksi edes teeskentelet auttavasi? riitojen ratkaisuun on olemassa terveempiä menetelmiä kuin riitojen kieltäminen. ne eivät ehkä aluksi tunnu yhtä herkkähipiäisiltä, mutta lopputulokset ovat pitkäaikaisempia ja lopulta paljon kunnioittavampia. OWB:n oli kohdattava se, mitä hän kohtasi siellä, ja wikipedia ja OWB voivat paremmin, jos tätä prosessia ei teeskennellä pois. sanoit jotakin siitä, että ""en tiedä, mitä teidän kahden välillä tapahtui"". todella? kaikki mitä tapahtui oli täysin julkista. minulla ei ole ollut yksityistä keskustelua OWB:n kanssa. jos et tiedä, mitä tapahtui, et ole kiinnittänyt asiaan huomiota. jos et kiinnitä huomiota, ehkä voisit harkita, voisitko astua syrjemmälle etkä heilutella ylläpitäjän näppäimiäsi niin helposti.

Epäilen, että sillä, mitä olen kirjoittanut, ei ole mitään merkitystä, mutta ajattelin...",parse_error,,
Älkää ystävällisesti julkaisko antisemitistisiä valheita. Juutalaisten ei ole laitonta asua omassa kotimaassaan. Temppelivuori on juutalaisuuden pyhin paikka. Laitonta miehitystä tekevät arabit.,parse_error,,
"""

 Numeron saatavuus """"etuna"""" 

Miten Telecomin etu on se, että sillä on 10 miljoonaa numeroa saatavilla Vodafonen 3,4 miljoonaan numeroon verrattuna, kun maan väkiluku on vain hieman yli 4 miljoonaa? Mikä on myös tämän tiedon lähde?""",parse_error,,
@Qwyrxian ime munaani,parse_error,,
"Kyberdemoni 
Olen tavannut monia kansalaisia, jotka ovat samaa mieltä kybedemonien olemassaolosta. Kuinka kehtaat häpäistä hänen eroottisuutensa, senkin vitun kusipää.",parse_error,,
""" huhtikuu 2011 (UTC)
En tiedä, pitäisikö minun sanoa, mutta tässä on linkki. Poista tämä viesti lukemisen jälkeen )  (keskustelu) 06:56, 4""",parse_error,,
"(t) 14:31, 2005 kesäkuun 22. päivä (UTC)",parse_error,,
"Hei. Tervetuloa minun ei mitään narttu, olen käyttänyt Wikipediaa yli 3 vuotta.  En tuhoa huvikseni.  Ihailen wikiä, ja käytän sitä resurssina säännöllisesti.  En pidä siitä, että yli-innokkaat homot, jotka ovat vielä lukiossa ja joilla ei todennäköisesti ole mitään käsitystä huuliharpun soittamisesta, muuttavat tekemiäni muokkauksia.  Kaikki tietävät, että John Popper on legenda, joten jos Rhymeless ystävällisesti painuisi vittuun, vandalismi loppuisi.  Kiitos, Riff.",parse_error,,
Haluatko harrastaa seksiä puhallettavien eläinten kanssa?,parse_error,,
ha ha ha ha . ha ha ha ha ha ha ha . ha ha ha ha haha ??? a haa haa haa haha??????67.165.71.214,parse_error,,
"Tämä on todella outoa, miten paljon muokkauksenne muistuttavat toisiaan. Näyttää siltä, että kyseessä on sockpuppets.",parse_error,,
"Olet niin vitun tekopyhä1111oneoneone!!!!!! 

Toivon, että joku hullu, kuten Andrew Morrow tai Verne Troyeur, raiskaa ja tappaa sinut.",parse_error,,
"""Tiedän, etten varmaankaan tee itsestäni kovin suosittua puolankielisten käyttäjien keskuudessa, mutta mielestäni tämä artikkeli on kirjoitettava englanninkielisessä muodossa, koska tämä on englanninkielinen Wikipedia. Eikö tämä artikkeli pitäisi otsikoida """"Elisabeth of Austria (1437-1505)"""", kuten muutkin Elisabeth of Austriat?""? """"Elzbieta Rakuszanka"""" on puolankielinen, joka on käännetty muotoon """"Elisabeth of Austria"""", kuten itse artikkelissa todetaan.  """,parse_error,,
"Jos jotakuta kiinnostaa, lempiharrastukseni on leikkiä muiden ihmisten kyrvällä ja pallilla. Loistavaa.",parse_error,,
"Poistettu historiallinen konteksti 

Haluaisin esittää vastalauseen tämän jakson poistamista vastaan:

Historiallinen konteksti

Saksalaiset olivat pommittaneet monia kaupunkeja ja siviilikohteita Englannissa koko sodan ajan, ja lisäksi he olivat pommittaneet monia muita kaupunkeja ympäri Eurooppaa hyökkäysten alkuvaiheessa. Britannian pommikomento aloitti aluepommitukset eli kaupunkien pommittamisen väestön masentamiseksi, infrastruktuurin häiritsemiseksi ja kostoksi brittiläisten kaupunkien pommituksista. Natsit olivat laajalti suosittuja, eivätkä juutalaiset, kommunistit tai muut saksalaiset, joita natsit eivät hävittäneet, vastustaneet heitä. Palopommien käyttö muistutti myös juutalaisten polttamista keskitysleirien uuneissa, mihin saksalaiset olivat antaneet suostumuksensa.

Anonymiss Madchen",parse_error,,
Minusta teidän pitäisi kieltää tuo ääliö ikuisesti!,parse_error,,
"""

 GAN vuoden 2013 Cotton Bowl Classicille 

Kiitos amerikkalaisen jalkapallon GA:n tarkistamisesta - olen päättänyt tarkistaa yhden GA-artikkelin, koska se on melko merkittävä peli ja olisi hyvä GA, jos se hyväksytään.  Nidhiki05 """,parse_error,,
"ymmärrätkö, ettet pärjää? Olet säälittävä.  20:32",parse_error,,
"on melko huono. Ehkäpä joku, joka on panostanut tähän sivuun, voi löytää selkeämmän kuvan, jossa on vapaata käyttöä. ask123 16:56, 5. marraskuuta 2007 (UTC).",parse_error,,
"""

 IRS (sekoittaminen) 

Hyvä Ciciban, minun oli palautettava muokkauksesi IRS:ssä, koska yksimielisyys on, että useimmat termiä etsivät Internal Revenue Service eikä International Railway Standard; lisäsin kuitenkin termisi IRS (disambiguation) -sivulle, jossa luetellaan termin """"IRS"""" muut käyttötavat.  Ilmoita minulle, jos sinulla on ongelmia tai haluat keskustella lisää.  Kiitos panoksestasi.  Parhain terveisin, (talk) """,parse_error,,
"(:)Olen täysin samaa mieltä siitä, että tätä artikkelia voidaan parantaa, koska uskon, että artikkeli on luonteeltaan sellainen, että se sisältää ristiriitaisia näkemyksiä. Yhteisymmärrykseen pääseminen ja näiden ristiriitaisten näkemysten esittäminen oikeudenmukaisesti vaatisi kärsivällisyyttä ja tosiasioihin perustuvaa tutkimusta. Ehkäpä paras mahdollinen tapa on antaa tälle artikkelille asianmukainen rakenne ja parantaa sitä. 

Pyydän myös muita osallistujia pidättäytymään henkilökohtaisista huomautuksista, jotka ovat wikipedian hengen ja sen käsitteen vastaisia.

Kiitos ( )",parse_error,,
", 10. elokuuta 2010 (UTC)
Sovittu. Se on syytä mainita infolaatikossa.   23:33",parse_error,,
"Mikä on ongelmasi.  

Kaikki keskustelusivulla ovat samaa mieltä siitä, että Under the Dome -jaksojen tiivistelmien ei pitäisi olla tällä sivulla, vaan ne pitäisi siirtää. Älä uhkaile minua, en välitä tyhmästä säännöstä.",parse_error,,
"Lannistunut 

Qat's up, mallimies?  Oletko jo lannistunut?  Aion ajaa sinut pois Wikipediasta, vaikka se olisi viimeinen asia, jonka teen.  Harvoin olen ollut näin ilkeä kenenkään mahdollisen vastustajani kanssa kymmenen vuoden aikana täällä, en edes tuon homon kanssa...",parse_error,,
"Ei vieläkään estetty ( 

Hei, senkin amerikkalainen paskiainen, minua ei ole vieläkään estetty. Ole kiltti ja tee jotain ja blokkaa minut ja kaikki sukkani. 91.0.59.213",parse_error,,
"On aivan yhtä paljon roskaa väittää, että Yankee-fanit ovat kovaäänisiä, ja melkein yhtä paljon roskaa väittää, että baseballissa ei ole kilpailullisen epätasapainon ongelmaa. Jos yritit saada minut bannattu on vaikea sinun on vaikea väittää, väittäen niiden on suuri osa Yankee fanit ovat die hard on neutraali näkökulma, ilman vastatodisteita, että huomauttaa Yankee fanit eivät ole tukeneet joukkueen alaspäin vuosina.",parse_error,,
"""==Muut tapahtumat==
San Josen HP Pavilionissa järjestetään vuosittain keskimäärin 190 tapahtumaa, mukaan lukien monia muita kuin urheilutapahtumia. Vuonna 2006 HP Pavilionissa myytiin eniten lippuja muihin kuin urheilutapahtumiin kuin missään muussa tapahtumapaikassa läntisissä Yhdysvalloissa ja neljänneksi eniten lippuja koko maailmassa New Yorkin Madison Square Gardenin, Manchesterin Manchester Evening News Arenan ja Toronton Air Canada Centren jälkeen.

Areenalla järjestetään säännöllisesti lukuisten esiintyjien konsertteja, ja siellä on järjestetty suuria urheilutapahtumia, kuten Yhdysvaltain taitoluistelun mestaruuskilpailut, NCAA-koripalloturnaus (tunnetaan nimellä March Madness), Pac-10-koripallon naisten mestaruuskilpailut ja Dew Action Sports Tour.

HP Pavilionin on huhuttu olevan Sacramento Kingsin NBA-joukkueen uusi koti, jos Sacramenton kaupunki tai yksityinen rakennuttaja ei pysty hankkimaan rahoitusta Sacramenton uudelle pelipaikalle.

""",parse_error,,
"Selvästi pelkäävät paljastaa Wikipedia-tilinsä (tai tavallisen IP-osoitteensa), eikä heitä kannata edes kusettaa.",parse_error,,
"FFS 

Senkin surullinen pikku kyrvänsyöjä.",parse_error,,
"Ja katso artikkeliin lisäämäni lähde, josta löytyy lisää Hilbertin sitaatteja, joissa hän väittää olevansa ensisijainen.",parse_error,,
"""

 Joku muutti jokaisen """"Israel"""" sanan """"Sionistiset kansainväliset rikolliset"""". 

Heidän muokkaamisensa pitäisi estää, ja sivu pitäisi palauttaa. Keskustelu """,parse_error,,
"Lopeta valittaminen, tattletale. En trollaa, kaikki on laillista. Katsokaa tuotetta.",parse_error,,
"Näytetty... 

...Taas yksi homo puree pölyä",parse_error,,
"""

 Senkin vitun autofetisisti. 

Koska on ilmeistä, ettet saa mitään pillua Wikipediassa viettämästäsi ajasta, mikset menisi työntämään pientä jäsenesi Legacy- tai """"Regushee"""" -lätkän pakoputkeen, koska et osaa romanisoida japania, senkin kusipää. Ketään ei kiinnosta paskan vertaa, että vuoden 1984 Shitbox GT:ssä ikkunan säätimet oli siirretty ikkunaan ja puolet paskasta mitä lisäät artikkeleihin on joko ilman lähteitä tai yksinkertaisesti väärin.

Tee maailmalle palvelus ja sammuta itsesi. Koska rakastat autoja niin paljon, hiilimonoksidi käy.  """,parse_error,,
"""

 Smallman todellakin... 

""""Tämä on ainoa varoituksenne.
Seuraavan kerran, kun hyökkäät henkilökohtaisesti, kuten teit Smallman12q:lle, sinut estetään häirinnän vuoksi. Kommentoi sisältöä, älä muita kirjoittajia tai ihmisiä. Smallman12q (keskustelu) """"

ppppppppppppttttttttttttthhhhhhhhhhhhhhhhhhhhhhhhhhhhhhhhhhh!

Mainitsinko, että MY. BALLS. OVAT. SUURET. (Ai niin, ja sinä olet N00B!)

nänni""",parse_error,,
"Cooksonin linkki
Mitä mieltä te kaikki olette siitä? Se tuntui itsemainonnalta, kun laitoin sen sinne, mutta olen epävarma, joten poistin sen varmuuden vuoksi.",parse_error,,
"Jos haluat muokata rennommassa ympäristössä, joka ei vaadi faktojen tarkistamista tai luotettavia lähteitä ja jossa voit ladata minkä tahansa netistä löytämäsi kuvan huolehtimatta sen tekijänoikeuksista, sinun on ehkä helpompi osallistua osoitteeseen http://cryptozoologycryptids.wikia.com (josta puuttuu näköjään artikkeli avaruuspingviineistä).",parse_error,,
"Haista vittu!

Älä pyydä, että minut bannataan, kusipää.",parse_error,,
"""

Voisit kysyä asiaa fasisteilta, jotka kieltäytyvät sallimasta KDE:n kritiikin listaamista. Itse asiassa ainoa KDE:tä koskeva kritiikki, jota ei ole poistettu, torjutaan ""mutta Windows-käyttäjät pitävät siitä!"" -argumentilla. Haluatteko NPOV:n? Se tarkoittaa tosiasioita. Ja tosiasiat tarkoittavat myös kritiikin hyväksymistä. Pidän KDE:stä, mutta jotkut teistä ovat vain idiootteja, kun eivät hyväksy kritiikkiä. Pääsekää yli fanipoikamaisuudestanne ja suhtautukaa asiaan.""",parse_error,,
"Yritän luoda sivua nimeltä Duarte galaktosemia ja yritän korjata muotoilun, lisätä hyperlinkit (ne on ilmeisesti poistettu, kun liitin tekstin Word-dokumentista). Minulla on myös kaksi lukua, jotka haluan lisätä, mutta en näe, miten se tehdään.",parse_error,,
"Häirintä 
Hyvä on, annan häiritä tätä kaveria, jos hän ei häiritse minua muokkauksellani, joka ei ole ilkivaltaa. 190.158.7.14",parse_error,,
""" helmikuu 2009 (UTC)
Minusta se on ihan hyvä näin, kun otetaan huomioon, että Blitz toi keskustelun cameoista esiin vain puhuessaan Hillistä. Onko jotain erityistä, mitä haluaisit nähdä tässä? - 03:18, 8""",parse_error,,
"""

 seuraavat tiedot olisi sisällytettävä 

Lapsipornosyytteet

Huomionarvoista on, että sen sijaan, että Mark Lunsford olisi vahtinut ja suojellut tytärtään, hänen väitetään olleen kiireinen lapsipornon katselussa internetissä. Ironista kyllä, monet """"Jessican laeista"""", joita Lunsford taisteli niin kovasti saadakseen ne voimaan, antoivat raskaita iskuja lapsipornon katsojille, kuten Mark Lunsfordille, mutta Lunsfordia ei koskaan asetettu syytteeseen lapsipornon katselusta voimassa olevien liittovaltion lakien nojalla, mikä olisi johtanut Lunsfordin liittovaltion vankilaan ja vaatinut häntä rekisteröitymään seksuaalirikolliseksi. Osavaltion syyttäjänviraston julkaisemissa asiakirjoissa oli Floridan lainvalvontaviraston muistiinpanoja, joissa mainitaan lapsipornoa Mark Lundsfordin tietokoneella. Kuvat & asiakirjat löytyivät 24. helmikuuta - päivänä, jolloin Jessica ilmoitettiin kadonneeksi South Sonata Avenue -kodistaan - apulaissyyttäjä Pete Magrino sanoi, että kuvat löytyivät Lunsfordin tietokoneelta. Hän sanoi kuitenkin, että hänen toimistonsa ei nosta syytteitä. [3]

Plastiikkakirurgia

Lunsford yllätti monet heinäkuussa 2007, kun hän esiintyi tiedotusvälineissä käytyään läpi useita kauneusleikkauksia, kuten kasvojen kohotuksen, ihohionnan ja silmäleikkauksen. 4

Lasten hyväksikäyttäjän isä

Vuonna 2007 Mark Lunsfordin poika Joshua Lunsford pidätettiin 14-vuotiaan tytön hyväksikäytöstä Ohiossa. Huolimatta Lunsfordin julkisesta hyökkäyksestä kaikkia seksuaalirikollisia vastaan, hän näytti olevan valmis ja halukas puolustamaan oman poikansa seksuaalirikoksia, ja itse asiassa hänellä on saattanut olla tärkeä rooli Markin seksuaalirikollisen pojan epätasa-arvoisessa kohtelussa. Joshua Lunsford määrättiin seksuaalirikollisten arviointiin, mutta häntä kohdeltiin erityiskohteluun, ja Joshua välttyi rikossyytteiltä ja seksuaalirikollisten rekisteröinniltä.""[5]""",parse_error,,
"Pete imee peters, senkin arvoton paskakasa NDP-hyökkäyshomo, ota joko kaikki lääkkeesi tai ei yhtään, kusipää.",parse_error,,
Sivuhuomautus: Xizer ei ole rasisti. Tämän kaverin kutsuminen neekeriksi oli kuitenkin vain hauskaa. lol.,parse_error,,
Myös osoitteessa Wikipedia:Help desk#article_for_review on vastaus viestiisi. - t c,parse_error,,
"""

Sinä silti jätät minut rauhaan. Jos et aio edes kuunnella minua, olen valmis kanssasi. Puhun mieluummin jonkun muun kanssa. Annan sinulle kaikki nämä syyt, ja sinä tulet kuin """"Anteeksi, idiootti henkilö alempana kuin minä. En välitä mitä sanot."" Olet valtava mulkku. Jätän tämän osan säännöstä huomiotta, osittain asenteesi takia. PERIOD.   OIKEUS ON TOTEUTUNUT! """,parse_error,,
"Vau, valittaminen kahdelle ylläpitäjälle muutamasta muokkauksesta on hyvin kypsää! 

Ihan totta, unohda se ja lopeta minun pakkomielteeni. 70.127.205.86",parse_error,,
"Oooh herra Badass Faggot estää ihmisiä Wikipediassa. Hemmo, mene naimaan tyttöä sen sijaan, että istut koko päivän tietokoneella.",parse_error,,
"Ämmä perseen neekeri 

Miksi muokkasit artikkeliani? Lisäsit viittauksia, enkä antanut sinulle lupaa koskea siihen! Vitun ämmä!",parse_error,,
"Typerä olet sinä, joka kannatat vaimoaan ja lapsiaan pesemällä jotain, joka on myrkyllistä muille perheille. Perheesi on varmasti todella ylpeä sinusta. Viimeaikaiset kommenttisi todistavat vain entisestään, että olet ostettu paskiainen, jolla ei ole mitään arvokkuutta ja joka pesee mitä tahansa rahasta... tukeakseen perhettään. Mutta on muitakin, arvokkaampia keinoja, joihin voitte käyttää tohtorin tutkintonne, herra ""lääkekemisti"". Ihmettelen, miksi painotatte ""lääketieteellistä"". Ehkä siksi, ettet koskaan saisi lääketieteen tohtorin tutkintoa. ) LOL ""lääketieteelliselle"" kemistille. Btw, sitä kutsutaan serotoniinergiseksi 5-HT1A-reseptoriksi.",parse_error,,
"""

Vitut siitä
Wikipedia on fasismia, minun olisi parempi olla ilman sitä ja sen olisi parempi olla ilman minua.  Ylläpitäjän pyyntö oli farssi, ärsytän vain ihmisiä nähdäkseni, miltä se tuntuu, ja ilmoitan meille, että minulla ei ole paikkaa täällä.  Minulla on toinen tili, johon olen tehnyt huomattavan määrän rajoittavia muokkauksia, mukaan lukien FA.  Kieltäydyn paljastamasta tätä tiliä tai tietoja, joita olen ladannut siltä - mutta sanotaanpa vain, että sen ennätys on paljon parempi, koska en ole vuorovaikutuksessa ihmisten kanssa sillä.  Wikipedia ei ole tuottava paikka, enkä ole enää tuottava toimittaja.  Pyydän, että oikeaa nimeäni ei käytetä tulevana merkintänä.  Sen lisäksi sanon, että """"vitut siitä.""""""",parse_error,,
Joskus tapan myös lapsia,parse_error,,
"Et ole edes ylläpitäjä. 

Säästäkää minut uhkauksiltanne, herra tai neiti. 70.127.205.86",parse_error,,
"Ilmeisesti teillä on robotti tekemässä tätä, joten jos tein virheen (jota pahoittelen kovasti, jos tein), se johtui yksinkertaisesti siitä, että oli hyvin rasittavaa palauttaa tyhjennetyt tunnisteet niin monista artikkeleista kerralla (ilman, että yhteisymmärrystä olisi kehitetty yksittäisten artikkelien keskustelusivuilla tai WPVN-projektissa, jonka eteen olen tehnyt hyvin, hyvin kovasti töitä).",parse_error,,
"Mitä tarkoitat? Yöelämässä ei ole mitään sopimatonta? Tämä on englanninkielinen Wikipedia, joten sinun on hyväksyttävä, että kulttuurimme hyväksyy yöelämän.",parse_error,,
"Boom-Boom-Boom-Boom-Boom

Kerroin Dave Sevillelle, että näin hänet alasti... Harry Swoger.",parse_error,,
"""Tmbox
  | type = tyyli
  | kuva = 
  | text = 
Tulkaa IRC:hen.  '''Kysymyksesi perusteella on parasta, että kirjaudut IRC:ään. IRC on lyhenne sanoista """"Internet Relay Chat"""", joka mahdollistaa reaaliaikaisen tekstipohjaisen viestinnän muiden käyttäjien kanssa. Tällä tavoin voin antaa apua, ja sen lisäksi, että minä voin auttaa sinua, myös muut #wikipedia-en-help-verkkopalvelun käyttäjät voivat auttaa sinua. Tässä on verkkopohjainen IRC-asiakasohjelma, joten sinun ei tarvitse ladata mitään voidaksesi keskustella kanssamme! Nähdään siellä!
""",parse_error,,
"Kuvittele, mitä olisi tapahtunut, jos olisin jatkanut kuten jotkut diakriittisyyttä kannattavat toimittajat, siirtämällä sivut yksipuolisesti ei-diakriittiselle nimelle (lähde annettu)? Epätasa-arvoinen kohtelu on tyrmistyttävää. Ei ihme, että virtuaalisesti vetäytyi ja käänsi selkänsä diakriittiselle aiheelle. Molemmat kyllästyivät tähän paskanjauhantaan.",parse_error,,
"Oi Fenian, englanninvastainen rasisti? Siinäpä yllätys.",parse_error,,
Mikä on ongelmasi? Mitä minä tein? Häh? ja tässä on kuvapakettisi: (http://img838.imageshack.us/content_round.php?page=done&l;=img838/8128/till.png&via;=mupload) BTW I PROVIDED A RELIABLE RESOURCE WHICH YOU IGNORED!!!!!!!. Palautan muokkauksesi. eitehr Contribute/Improve or Leave as Is.,parse_error,,
Siitä kiistelevät muutkin kuin Beck ja Bachmann... yrittäkää ensin tehdä vähän tutkimusta.,parse_error,,
"""

 Älä tuhoa sivuja, kuten teit tämän Ergonomian muokkauksen yhteydessä. Jos jatkat näin, sinut estetään muokkaamasta sivuja.  ★ """,parse_error,,
"""

Mitä ikinä teetkin, älä jätä minulle viestiä.

10:44 EST 15. huhtikuuta 2008 - Löydän jatkuvasti sivuja, jotka on poistettu.  Lisäsin juuri {unreferenced}-tunnisteen wikin poistokäytäntöjen sivulle.  En varmasti ole ensimmäinen, joka on keksinyt tämän.  Minkä asteista paskaa tulee heitettyä, sitä voi vain kuvitella.   

Kumosin muokkauksesi, jossa sivuutit kaikki säännöt, koska se ei ollut Wikipedian hengen mukaista.  Katso Wikipedia:Älä häiritse Wikipediaa havainnollistamaan asiaa.

Sen pitäisi olla Wikipedia:Mitä """"Ignore all rules"""" tarkoittaa.  Allekirjoita kirjoituksesi kirjoittamalla neljä tildiä.
  

Oletko jo lukenut Wikipedia:Please do not bite the newcomers?
  

 Paitsi silloin, kun rikot artikkelien luomista koskevia sääntöjä, - 

Sinä sanoit: Tällöin rikottu sivu poistetaan nopeasti, eikä siitä jää jälkiä. Jopa siitä käyty keskustelu saatetaan poistaa ikuisesti. Tässä kommentissa, kuten kaikessa muussakin tällä sivulla, ei ole lähdeviitteitä. Tämä kommentti saattaa myös rikkoa jotakin sääntöä.

Tuo on mielenkiintoinen seikka. Useat ihmiset ovat jo alkaneet tutkia poistojärjestelmään liittyviä ongelmia. Aiotko auttaa siinä?   

> Hei Kim.  En tiedä, mitä """"tutkiminen"""" edes tarkoittaa Wikipedian osalta. En tiedä, keitä ihmiset ovat, kuka tekee mitä tai kuka on luonut säännöt.  En tiedä, mitä """"auttaminen"""" tarkoittaa kysymykseesi liittyen.

Ensimmäinen yritykseni luoda merkintä tänne asetettiin poistettavaksi 4 minuutissa, ja sitten joku ylläpitäjä poisti sen ilman keskustelua.  Nyt en löydä sitä lyhyttä keskustelua siitä. 

Mutta se johti siihen, että monilla monilla sivuilla täällä, jotka kertovat wikipediaa koskevista periaatteista ja säännöistä, ei viitata lähteisiin.  Sivuilla ei myöskään luetella kirjoittajia.  Ne ovat sumuisia sivuja, jotka eivät noudata sääntöjä, joita nuo sivut vaativat minun noudattavan.

Mielenkiintoista?  Totta hitossa se on mielenkiintoista.  Olen lukenut paljon kritiikkiä wikiä kohtaan ja puolustanut wikipediaa vuosia.  Mutta nyt näen järjestelmässä valtavan puutteen.
  

Vastaa
Ainoat linkit, jotka näin artikkelissa (amyotrofista lateraaliskleroosia koskeva linkki), näyttivät toimivan nyt hyvin. Oliko muita, joita ajattelit?   

Vastasin keskustelusivullasi.  

 Cornfused I tell you 
heh heh

 Onko käyttäjä:Nakon jonkinlainen botti? 

Minulla ei ole aavistustakaan, mitä Wikipediassa joskus tapahtuu.  Kun luin ALS-tietuetta, koska eräällä ystävälläni on diagnosoitu ALS, seurasin linkkiä ALS Associationiin, josta pääsin tuolle sivulle, jossa sanotaan, että artikkelia ei ole.  Etsin asiaa Googlesta ja loin siitä lyhyen aloitussivun.  

Heti kun olin painanut create, tajusin, että siellä oli jo merkintä, mutta se oli ALS Associationin alla, joten painoin edit this page, jotta siitä tulisi uudelleenohjaus. Se tuli poistetuksi!  Muutamassa sekunnissa joku persläpi nimeltä Nakon oli poistanut sivun.

(Poistoloki); 03:28 . . . [Nakon] poisti """"The ALS Association"""" (CSD A7 (Corp): Artikkeli yrityksestä, joka ei väitä merkitystä)

Kun otetaan huomioon, että sivu oli jo olemassa, ja se on varmasti merkittävä, ultranopea poisto on esimerkki jonkinlaisesta sekopäisestä mentaliteetista.  Tämän idiootin on täytynyt käyttää jonkinlaista ohjelmistoa joka skannaa jokaisen uuden artikkelin, ja hänen on täytynyt käyttää 2 sekuntia ennen kuin hän painaa jonkinlaista poistonäppäintä.

Uskomatonta.  Tämä paskanjauhamisen taso ylittää kaiken, mitä olen koskaan aiemmin internetissä kohdannut.  Jos olisin muuttanut merkinnän uudelleenohjaukseksi, olisin jäänyt tapahtumasta paitsi.

Käytän Wikipediaa koko ajan, mutta en käytä juuri lainkaan aikaa sivujen muokkaamiseen tai luomiseen.  Suurin osa vuosien varrella tekemistäni muutoksista on ollut pienten virheiden korjaamista tai ilkivallan korjaamista.  Olen onnistunut välttämään joutumasta mukaan",parse_error,,
"Sinun on todella vähennettävä yrityksen tuotteita koskevaa sanamuotoa ja käytettävä enemmän aikaa yrityksen historiaan (ei vain aikajanan kopioimiseen), hankittava puolueettomia kolmannen osapuolen lähteitä ja kirjoitettava se neutraalimpaan sävyyn.",parse_error,,
"Hei, minulla on maisterin tutkinto perseenpyyhkimisestä, olemme käytännössä sukua.",parse_error,,
eikä yrittänyt selittää kantaansa Talk-sivulla kummassakaan tapauksessa.,parse_error,,
"Eikö heitä pitäisi kutsua vain mustiksi? Afrikkalais-amerikkalainen kuulostaa enemmän kansallisuudelta kuin rodulta tai etnisyydeltä. Puhun nyt Uudesta-Seelannista, ja itse olen aina tuntenut heidät neekereinä. Se on vain toinen sana mustille. 222.155.59.61",parse_error,,
"""

Wikipedia on mielenkiintoinen mutta turhauttava asia. Siellä on pseudo-älykköjä, joilla ei ole mitään käsitystä RM-ohjelmasta, mutta jotka kuitenkin luulevat, että heidän """"viisas"""" arvauksensa on parempi kuin katsojien faktat. Kuvitelkaa maailma, jota johtavat ihmiset, joilla ei ole aavistustakaan, mutta jotka kuitenkin pakottavat näkemyksensä ja arvonsa muille harhaisessa uskossaan, että """"he"""" ovat oikeassa. Maailman talous olisi sekaisin, viihde olisi enemmän dokumentteja ja tosielämää kuin komediaa, musiikki olisi tylsää ja karkeaa (jne. jne.). Hups, niinhän se itse asiassa onkin... Epäpäpätevät ja kyvyttömät vanhalla rahalla = se paska, jossa olemme tänään. Ha Ha Ha Ha... oh.""",parse_error,,
"""

 Muokkaukset 

Näyttää siltä, että olet ainoa, joka voi tehdä muutoksia telenovelasivuille, koska palautat kaiken, mitä muut käyttäjät tekevät. Ja nuo käyttäjät laittavat yleensä vahvistettuja tietoja, samoja tietoja, joita sinä itse laitat jonkin ajan kuluttua. Pyydät aina viitteitä, mutta vaikka saisitkin niitä, poistat silti kaiken. Jos sinä olet henkilö, joka tietää kaiken ja muut ovat aina väärässä, minusta tuntuu, että tuhlaan aikaani laittamalla mitään Wikipediaan. Joten minä lopetan. Ja jos olet jonkinlainen jumala täällä, sinun pitäisi vilkaista Los miserables -sivua, koska tämä huono englanti virheiden sävyineen tappaa minut joka kerta, kun luen sitä. 
p.s. En välitä siitä, että loukkaannutte ja minua estetään muokkaamasta Wikipediaa, koska olen sanonut mielipiteeni, mutta ainakin tunnen oloni nyt paremmaksi. Hyvää päivänjatkoa ) 

Disambiguation linkki ilmoitus 22. joulukuuta

Hei. Kiitos viimeaikaisista muutoksista. Wikipedia arvostaa apuasi. Huomasimme kuitenkin, että kun muokkasit Ana Brenda Contrerasia, lisäsit linkin, joka osoittaa disambiguointisivulle Mujeres Asesinas (tarkista vahvistaaksesi | korjaa Dab solverilla). Tällaiset linkit ovat lähes aina tahattomia, sillä disambiguointisivu on vain luettelo """"Tarkoititko..."""" -artikkelien otsikoista. Lue Liity meihin DPL WikiProjektissa.

Voit poistaa tämän viestin. Voit myös lopettaa näiden viestien vastaanottamisen noudattamalla seuraavia ohjeita . Kiitos, """,parse_error,,
Kuka tekee tämän? Im Mark,parse_error,,
"""
 Ai niin, ja tuo kommentti oli töykeä!!! Punk!!! """,parse_error,,
"JEESUS, AUTA MINUA, MINULLA ON TUKOS!!!!!!!!!!!!.",parse_error,,
DIE FAG DIE FAG DIE FAG DIE FAG DIE FAG DIE FAG DIE FAG DIE FAG DIE FAG DIE FAG DIE FAG DIE FAG DIE FAG DIE FAG DIE FAG DIE FAG DIE FAG DIE FAG DIE FAG DIE FAG DIE FAG DIE FAG DIE FAG DIE FAG DIE FAG KUOLEE KUOLEE KUOLEE KUOLEE KUOLEE KUOLEE KUOLEE KUOLEE KUOLEE KUOLEE KUOLEE KUOLEE KUOLEE KUOLEE KUOLEE KUOLEE KUOLEE KUOLEE KUOLEE KUOLEE KUOLEE KUOLEE KUOLEE KUOLEE KUOLEE KUOLEE KUOLEE KUOLEE KUOLEE KUOLEE KUOLEE KUOLEE KUOLEE KUOLEE KUOLEE KUOLEE KUOLEE KUOLEE KUOLEE KUOLEE KUOLEE KUOLEE KUOLEE KUOLEE KUOLEE KUOLEE KUOLEE KUOLEE KUOLEE KUOLEE KUOLEE KUOLEE KUULEE DIE FAG DIE FAG DIE FAG DIE FAG DIE FAG DIE FAG DIE FAG DIE FAG DIE FAG DIE FAG DIE FAG DIE FAG DIE FAG DIE FAG DIE FAG DIE FAG DIE FAG DIE FAG DIE FAG DIE FAG KUOLEE FAG KUOLEE FAG KUOLEE FAG KUOLEE FAG KUOLEE FAG KUOLEE FAG KUOLEE FAG KUOLEE FAG KUOLEE FAG KUOLEE FAG KUOLEE FAG KUOLEE FAG KUOLEE FAG KUOLEE FAG KUOLEE FAG KUOLEE FAG KUOLEE FAG KUOLEE FAG KUOLEE FAG KUOLEE FAG KUOLEE FAG KUOLEE FAG KUOLEE FAG KUOLEE FAG KUOLEE FAG KUOLEE FAG KUOLEE FAG KUOLEE FAG KUOLEE FAG KUOLEE FAG KUOLEE FAG KUOLEE FAG KUOLEE FAG KUOLEE FAG DIE FAG DIE FAG DIE FAG DIE FAG DIE FAG DIE FAG DIE FAG DIE FAG DIE FAG DIE FAG DIE FAG DIE FAG DIE FAG DIE FAG DIE FAG DIE FAG DIE FAG DIE FAG DIE FAG DIE FAG KUOLEE FAG KUOLEE FAG KUOLEE FAG KUOLEE FAG KUOLEE FAG KUOLEE FAG KUOLEE FAG KUOLEE FAG KUOLEE FAG KUOLEE FAG KUOLEE FAG KUOLEE FAG KUOLEE FAG KUOLEE FAG KUOLEE FAG KUOLEE FAG KUOLEE FAG KUOLEE FAG KUOLEE FAG KUOLEE FAG KUOLEE FAG KUOLEE FAG KUOLEE FAG KUOLEE FAG KUOLEE FAG KUOLEE FAG KUOLEE FAG KUOLEE FAG KUOLEE FAG KUOLEE FAG KUOLEE FAG KUOLEE FAG KUOLEE FAG KUOLEE FAG DIE FAG DIE FAG DIE FAG DIE FAG DIE FAG DIE FAG DIE FAG DIE FAG DIE FAG DIE FAG DIE FAG DIE FAG DIE FAG DIE FAG DIE FAG DIE FAG DIE FAG DIE FAG DIE FAG DIE FAG KUOLEE FAG KUOLEE FAG KUOLEE FAG KUOLEE FAG KUOLEE FAG KUOLEE FAG KUOLEE FAG KUOLEE FAG KUOLEE FAG KUOLEE FAG KUOLEE FAG KUOLEE FAG KUOLEE FAG KUOLEE FAG KUOLEE FAG KUOLEE FAG KUOLEE FAG KUOLEE FAG KUOLEE FAG KUOLEE FAG KUOLEE FAG KUOLEE FAG KUOLEE FAG KUOLEE FAG KUOLEE FAG KUOLEE FAG KUOLEE FAG KUOLEE FAG KUOLEE FAG KUOLEE FAG KUOLEE FAG KUOLEE FAG KUOLEE FAG KUOLEE FAG DIE FAG DIE FAG DIE FAG DIE FAG DIE FAG DIE FAG DIE FAG DIE FAG DIE FAG DIE FAG DIE FAG DIE FAG DIE FAG DIE FAG DIE FAG DIE FAG DIE FAG DIE FAG DIE FAG DIE FAG KUOLEE FAG KUOLEE FAG KUOLEE FAG KUOLEE FAG KUOLEE FAG KUOLEE FAG KUOLEE FAG KUOLEE FAG KUOLEE FAG KUOLEE FAG KUOLEE FAG KUOLEE FAG KUOLEE FAG KUOLEE FAG KUOLEE FAG KUOLEE FAG KUOLEE FAG KUOLEE FAG KUOLEE FAG KUOLEE FAG KUOLEE FAG KUOLEE FAG KUOLEE FAG KUOLEE FAG KUOLEE FAG KUOLEE FAG KUOLEE FAG KUOLEE FAG KUOLEE FAG KUOLEE FAG KUOLEE FAG KUOLEE FAG KUOLEE FAG KUOLEE FAG DIE FAG DIE FAG DIE FAG DIE FAG DIE FAG DIE FAG DIE FAG DIE FAG DIE FAG DIE FAG DIE FAG DIE FAG DIE FAG DIE FAG DIE FAG DIE FAG DIE FAG DIE FAG DIE FAG DIE FAG KUOLEE FAG KUOLEE FAG KUOLEE FAG KUOLEE FAG KUOLEE FAG KUOLEE FAG KUOLEE FAG KUOLEE FAG KUOLEE FAG KUOLEE FAG KUOLEE FAG KUOLEE FAG KUOLEE FAG KUOLEE FAG KUOLEE FAG KUOLEE FAG KUOLEE FAG KUOLEE FAG KUOLEE FAG KUOLEE FAG KUOLEE FAG KUOLEE FAG KUOLEE FAG KUOLEE FAG KUOLEE FAG KUOLEE FAG KUOLEE FAG KUOLEE FAG KUOLEE FAG KUOLEE FAG KUOLEE FAG KUOLEE FAG KUOLEE FAG KUOLEE FAG DIE FAG DIE FAG DIE FAG DIE FAG DIE FAG DIE FAG DIE FAG DIE FAG DIE FAG DIE FAG DIE FAG DIE FAG DIE FAG DIE FAG DIE FAG DIE FAG DIE FAG DIE FAG DIE FAG DIE FAG KUOLEE FAG KUOLEE FAG KUOLEE FAG KUOLEE FAG KUOLEE FAG KUOLEE FAG KUOLEE FAG KUOLEE FAG KUOLEE FAG KUOLEE FAG KUOLEE FAG KUOLEE FAG KUOLEE FAG KUOLEE FAG KUOLEE FAG KUOLEE FAG KUOLEE FAG KUOLEE FAG KUOLEE FAG KUOLEE FAG KUOLEE FAG KUOLEE FAG KUOLEE FAG KUOLEE FAG KUOLEE FAG KUOLEE FAG KUOLEE FAG KUOLEE FAG KUOLEE FAG KUOLEE FAG KUOLEE FAG KUOLEE FAG KUOLEE FAG KUOLEE FAG DIE FAG DIE FAG DIE FAG DIE FAG DIE FAG DIE FAG KUOLEE FAG KUOLEE FAG KUOLEE FAG KUOLEE FAG KUOLEE FAG KUOLEE FAG KUOLEE FAG KUOLEE FAG KUOLEE FAG KUOLEE FAG KUOLEE FAG KUOLEE FAG KUOLEE FAG KUOLEE FAG KUOLEE FAG KUOLEE FAG KUOLEE FAG KUOLEE FAG KUOLEE FAG KUOLEE FAG KUOLEE FAG KUOLEE FAG KUOLEE FAG KUOLEE FAG KUOLEE FAG KUOLEE FAG KUOLEE FAG KUOLEE FAG KUOLEE FAG KUOLEE FAG KUOLEE FAG KUOLEE FAG KUOLEE FAG KUOLEE FAG KUOLEE FAG KUOLEE FAG KUOLEE FAG KUOLEE FAG KUOLEE FAG KUOLEE FAG KUOLEE FAG FAG DIE FAG DIE FAG DIE FAG DIE FAG DIE FAG DIE FAG KUOLEE FAG KUOLEE FAG KUOLEE FAG KUOLEE FAG KUOLEE FAG KUOLEE FAG KUOLEE FAG KUOLEE FAG KUOLEE FAG KUOLEE FAG KUOLEE FAG KUOLEE FAG KUOLEE FAG KUOLEE FAG KUOLEE FAG KUOLEE FAG KUOLEE FAG KUOLEE FAG KUOLEE FAG KUOLEE FAG KUOLEE FAG KUOLEE FAG KUOLEE FAG KUOLEE FAG KUOLEE FAG KUOLEE FAG KUOLEE FAG KUOLEE FAG KUOLEE FAG KUOLEE FAG KUOLEE FAG KUOLEE FAG KUOLEE FAG KUOLEE FAG KUOLEE FAG KUOLEE FAG KUOLEE FAG KUOLEE FAG KUOLEE FAG KUOLEE FAG KUOLEE FAG KUOLEE FAG KUOLEE FAG FAG DIE FAG DIE FAG DIE FAG DIE FAG DIE FAG DIE FAG KUOLEE FAG KUOLEE FAG KUOLEE FAG KUOLEE FAG KUOLEE FAG KUOLEE FAG KUOLEE FAG KUOLEE FAG KUOLEE FAG KUOLEE FAG KUOLEE FAG KUOLEE FAG KUOLEE FAG KUOLEE FAG KUOLEE FAG KUOLEE FAG KUOLEE FAG KUOLEE FAG KUOLEE FAG KUOLEE FAG KUOLEE FAG KUOLEE FAG KUOLEE FAG KUOLEE FAG KUOLEE FAG KUOLEE FAG KUOLEE FAG KUOLEE FAG KUOLEE FAG KUOLEE FAG KUOLEE FAG KUOLEE FAG KUOLEE FAG KUOLEE FAG KUOLEE FAG KUOLEE FAG KUOLEE FAG KUOLEE FAG KUOLEE FAG KUOLEE FAG KUOLEE FAG KUOLEE FAG KUOLEE FAG FAG DIE FAG DIE FAG DIE FAG DIE FAG DIE FAG DIE FAG KUOLEE FAG KUOLEE FAG KUOLEE FAG KUOLEE FAG KUOLEE FAG KUOLEE FAG KUOLEE FAG KUOLEE FAG KUOLEE FAG KUOLEE FAG KUOLEE FAG KUOLEE FAG KUOLEE FAG KUOLEE FAG KUOLEE FAG KUOLEE FAG KUOLEE FAG KUOLEE FAG KUOLEE FAG KUOLEE FAG KUOLEE FAG KUOLEE FAG KUOLEE FAG KUOLEE FAG KUOLEE FAG KUOLEE FAG KUOLEE FAG KUOLEE FAG KUOLEE FAG KUOLEE FAG KUOLEE FAG KUOLEE FAG KUOLEE FAG KUOLEE FAG KUOLEE FAG KUOLEE FAG KUOLEE FAG KUOLEE FAG KUOLEE FAG KUOLEE FAG KUOLEE FAG KUOLEE FAG FAG DIE FAG DIE FAG DIE FAG DIE FAG DIE FAG DIE FAG KUOLEE FAG KUOLEE FAG KUOLEE FAG KUOLEE FAG KUOLEE FAG KUOLEE FAG KUOLEE FAG KUOLEE FAG KUOLEE FAG KUOLEE FAG KUOLEE FAG KUOLEE FAG KUOLEE FAG KUOLEE FAG KUOLEE FAG KUOLEE FAG KUOLEE FAG KUOLEE FAG KUOLEE FAG KUOLEE FAG KUOLEE FAG KUOLEE FAG KUOLEE FAG KUOLEE FAG KUOLEE FAG KUOLEE FAG KUOLEE FAG KUOLEE FAG KUOLEE FAG KUOLEE FAG KUOLEE FAG KUOLEE FAG KUOLEE FAG KUOLEE FAG KUOLEE FAG KUOLEE FAG KUOLEE FAG KUOLEE FAG KUOLEE FAG KUOLEE FAG KUOLEE FAG KUOLEE FAG FAG DIE FAG DIE FAG DIE FAG DIE FAG DIE FAG DIE FAG KUOLEE FAG KUOLEE FAG KUOLEE FAG KUOLEE FAG KUOLEE FAG KUOLEE FAG KUOLEE FAG KUOLEE FAG KUOLEE FAG KUOLEE FAG KUOLEE FAG KUOLEE FAG KUOLEE FAG KUOLEE FAG KUOLEE FAG KUOLEE FAG KUOLEE FAG KUOLEE FAG KUOLEE FAG KUOLEE FAG KUOLEE FAG KUOLEE FAG KUOLEE FAG KUOLEE FAG KUOLEE FAG KUOLEE FAG KUOLEE FAG KUOLEE FAG KUOLEE FAG KUOLEE FAG KUOLEE FAG KUOLEE FAG KUOLEE FAG KUOLEE FAG KUOLEE FAG KUOLEE FAG KUOLEE FAG KUOLEE FAG KUOLEE FAG KUOLEE FAG KUOLEE FAG KUOLEE FAG FAG DIE FAG DIE FAG DIE FAG DIE FAG DIE FAG DIE FAG KUOLEE FAG KUOLEE FAG KUOLEE FAG KUOLEE FAG KUOLEE FAG KUOLEE FAG KUOLEE FAG KUOLEE FAG KUOLEE FAG KUOLEE FAG KUOLEE FAG KUOLEE FAG KUOLEE FAG KUOLEE FAG KUOLEE FAG KUOLEE FAG KUOLEE FAG KUOLEE FAG KUOLEE FAG KUOLEE FAG KUOLEE FAG KUOLEE FAG KUOLEE FAG KUOLEE FAG KUOLEE FAG KUOLEE FAG KUOLEE FAG KUOLEE FAG KUOLEE FAG KUOLEE FAG KUOLEE FAG KUOLEE FAG KUOLEE FAG KUOLEE FAG KUOLEE FAG KUOLEE FAG KUOLEE FAG KUOLEE FAG KUOLEE FAG KUOLEE FAG KUOLEE FAG KUOLEE FAG FAG DIE FAG DIE FAG DIE FAG DIE FAG DIE FAG DIE FAG KUOLEE FAG KUOLEE FAG KUOLEE FAG KUOLEE FAG KUOLEE FAG KUOLEE FAG KUOLEE FAG KUOLEE FAG KUOLEE FAG KUOLEE FAG KUOLEE FAG KUOLEE FAG KUOLEE FAG KUOLEE FAG KUOLEE FAG KUOLEE FAG KUOLEE FAG KUOLEE FAG KUOLEE FAG KUOLEE FAG KUOLEE FAG KUOLEE FAG KUOLEE FAG KUOLEE FAG KUOLEE FAG KUOLEE FAG KUOLEE FAG KUOLEE FAG KUOLEE FAG KUOLEE FAG KUOLEE FAG KUOLEE FAG KUOLEE FAG KUOLEE FAG KUOLEE FAG KUOLEE FAG KUOLEE FAG KUOLEE FAG KUOLEE FAG KUOLEE FAG KUOLEE FAG KUOLEE FAG FAG KUOLEE FAG KUOLEE FAG KUOLEE FAG KUOLEE FAG KUOLEE FAG KUOLEE FAG KUOLEE FAG KUOLEE FAG KUOLEE FAG KUOLEE FAG KUOLEE FAG KUOLEE FAG KUOLEE FAG KUOLEE FAG KUOLEE FAG KUOLEE FAG KUOLEE FAG KUOLEE FAG KUOLEE FAG KUOLEE FAG KUOLEE FAG KUOLEE FAG KUOLEE FAG KUOLEE FAG KUOLEE FAG KUOLEE FAG KUOLEE FAG KUOLEE FAG KUOLEE FAG KUOLEE FAG KUOLEE FAG KUOLEE FAG KUOLEE FAG KUOLEE FAG KUOLEE FAG KUOLEE FAG KUOLEE FAG KUOLEE FAG KUOLEE FAG KUOLEE FAG KUOLEE FAG KUOLEE FAG KUOLEE FAG KUOLEE FAG KUOLEE FAG,parse_error,,
"""

 Ellen Pompeoa ja Patrick Dempseyta koskevista muutoksista... 

Olen palauttanut muokkauksesi näihin kahteen artikkeliin.  Tutustu WP:V:hen oppiaksesi sopivista, luotettavista lähteistä lisäämiäsi tietoja varten ja käy myös WP:LIBELissä ja WP:BLP:ssä oppiaksesi sopivista tiedoista elävien ihmisten elämäkerta-artikkeleissa.  Vihjailu siitä, että näillä kahdella henkilöllä olisi suhde tai että he olisivat jotain muuta kuin uskollisia toisilleen, on herjaavaa ja Wikipedian sääntöjen vastaista.  Et ole esittänyt luotettavaa lähdettä, joka tukisi muokkaamiesi tekstien esittämää mielipidettä.  WP:NPOV auttaa sinua tutustumaan Wikipedian neutraalin näkökulman politiikkaan.  

Jatkuvasti lisäämäsi lainaukset on irrotettu asiayhteydestään, ja heidän mainintansa siitä, että he ovat """"ihastuneet"""" toisiinsa, tehtiin vitsillä, ja toinen näyttelijä sanoi heidän kommenttiensa jälkeen, että hän oli ihastunut molempiin, mutta se ei ole peruste spekuloida, että kyseisellä näyttelijällä olisi suhde molempien kanssa, ja jos sanoisin tai vihjaisin, että hänellä olisi, se olisi kunnianloukkaus.  Nämä lainaukset ovat näyttelijöiden kehuja toisistaan, ja rehellisesti sanottuna ne ovat hyvää suhdetoimintaa, sillä ne tukevat heidän näyttelijäkemistään ja näin ollen myös heidän näyttelemiensä fiktiivisten hahmojen kemiaa.  Monet muut näyttelijät ovat kehuneet näyttelijäkollegoitaan, mukaan lukien PD ja EP, mutta tietääkseni mikään luotettava lähde ei ole koskaan julkaissut tietoa, jonka mukaan nämä kaksi olisivat jotain muuta kuin näyttelijäkollegoita, jotka sattuvat olemaan ystäviä.  Päinvastoin, kumpikin puhuu usein suuressa arvossa toisistaan (painetussa muodossa ja kameran edessä) ja puhuu hyvää toistensa kumppaneista.  Jos sinulla olisi luotettava lähde muokkauksillesi WP:Verifiability -periaatteen mukaisesti, asia olisi eri asia, mutta sellaisena kuin se on, muokkauksesi ovat mahdollisesti herjaavia eivätkä ole Wikipedian muokkauskäytännön mukaisia.""",parse_error,,
"Kommunistinen paskiainen

Minulla ei ole mitään muuta.",parse_error,,
"Minun juttuni 

Ilmoitit minut artikkelien takia? Olet paha, etkä tiedä jääkiekosta mitään. pidättäydy jatkossa vandalisoimasta vaivalloista työtäni.",parse_error,,
"""
 Esityksesi AfC:ssä The SpacePimps (bändi) hyväksyttiin. 
 SpacePimps (bändi), jonka lähetit Articlesille luomiseksi, on luotu. 
Olet enemmän kuin tervetullut jatkamaan laadukasta panostusta Wikipediaan. .
 Jos sinulla on kysyttävää, voit kysyä neuvontapalvelusta.
 Jos haluat auttaa meitä parantamaan tätä prosessia, harkitse .
Kiitos, että autat parantamaan Wikipediaa!
  """,parse_error,,
"NPC 

Pystyin löytämään 2. ja 3. divisioonan NPC-voittajien tulokset.  Niiden jäljittäminen kesti jonkin aikaa, mutta lopulta sain ne.    11:14, 23. kesäkuun 2004 (UTC)",parse_error,,
